{
    "xVals": [
        13.800186999589517,
        12.55692689614393,
        11.313666796488663,
        10.070406700248446,
        8.827146607047991,
        7.583886516512024,
        6.340626428265257,
        5.09736634193242,
        3.8541062571382287,
        2.610846173507405,
        1.367586090664667,
        0.12432600823473684,
        -1.1189340741576654,
        -2.362194156887819,
        -3.605454240331004,
        -4.848714324862499,
        -6.091974410857586,
        -7.335234498691543,
        -8.578494588739648
    ],
    "centerTrace": 513.0,
    "right_vrot_incCorrected_avg": 143.0,
    "vrot_vals": [
        145.55725132052248,
        138.01362350923046,
        165.4457240989459,
        159.07255998751407,
        126.52715513294788,
        113.34969720644949,
        126.9851447928495,
        98.2049302151836,
        70.9030638685199,
        36.59677876157093,
        25.606260289216152,
        -55.74176626036751,
        -99.23310571458205,
        -110.55736370963587,
        -120.73847476285391,
        -129.6782264496651,
        -152.26087159499366,
        -108.80032059390032,
        -135.14290279358102
    ],
    "vrot_incCorrected_vals": [
        153.04795122748504,
        145.11611155019827,
        173.95992905178835,
        167.25878773974674,
        133.03852396262968,
        119.18292474142748,
        133.52008278910796,
        103.25877435522077,
        74.55189324050185,
        38.480130396597154,
        26.92401539812323,
        -58.61036153509563,
        -104.33986205272555,
        -116.24689155205282,
        -126.95194522528627,
        -136.35175641803855,
        -160.09655471172925,
        -114.39942708949899,
        -142.09765716135465
    ],
    "left_vrot_incCorrected_avg": -143.0,
    "vrot_errs": [
        24.310894425734887,
        23.74540396494285,
        23.725936273994883,
        23.784182487320567,
        23.753430246401404,
        23.71431504282985,
        23.728993273514945,
        23.746673292233815,
        23.7193156356096,
        23.71236488848946,
        23.714705168357995,
        24.569273521577262,
        23.71107883584478,
        23.72009980500293,
        23.709253102820107,
        23.71882992173667,
        23.76378175477014,
        23.825366770016398,
        23.970635236946055
    ],
    "agn": {"RX_J1121.2+0326":{"RAdeg":170.3083333,"DEdeg":3.429722222},
	"SDSSJ112224.10+031802.0":{"RAdeg":170.6004167,"DEdeg":3.300555556}},
    "left_vrot_avg": -131.95800323300136,
    "vrot_incCorrected_errs": [
        25.8213137965216,
        25.20616019517283,
        25.28960900514645,
        25.32435591207526,
        25.17659451681552,
        25.096218031577646,
        25.152556693821005,
        25.08989825072852,
        25.003271825136782,
        24.94954250474056,
        24.943384261665305,
        25.871457553256366,
        25.05520100558028,
        25.094427753217076,
        25.11259787828347,
        25.150600278109483,
        25.276803767816702,
        25.19962811896147,
        25.431065330136594
    ],
    "RAdeg":170.36231,
    "DEdeg":3.44491,
    "majDiam":26.35,
    "PA":157.0,
    "inclination": 72.0,
    "di": 4.0,
    "vsys_measured": 6917.8,
    "right_vrot_avg_err": 17.9,
    "vsys_published": 6902.0,
    "vsys_measured_err": 23.7,
    "left_vrot_incCorrected_avg_err": 25.0,
    "right_vrot_avg": 131.95800323300045,
    "dist":101.21,
    "name": "CGCG039-137",
    "Lstar": 0.62,
    "e_Lstar": 0.28,
    "vrot_observed": [
        7063.375985490935,
        7055.832357679643,
        7083.264458269358,
        7076.8912941579265,
        7044.34588930336,
        7031.168431376862,
        7044.803878963262,
        7016.023664385596,
        6988.721798038932,
        6954.415512931983,
        6943.424994459629,
        6862.076967910045,
        6818.58562845583,
        6807.261370460777,
        6797.0802594075585,
        6788.140507720747,
        6765.557862575419,
        6809.018413576512,
        6782.675831376831
    ],
    "left_vrot_avg_err": 15.5,
    "dvsys_published": 52.0,
    "right_vrot_incCorrected_avg_err": 25.0,
    "v200": 156.31,
    "c": 9.13,
    "r200": 196.92
}