{
    "xVals": [
        21.20667563647678,
        19.658743082157123,
        18.110810533771488,
        16.562877990852616,
        15.014945452933278,
        13.467012919546217,
        11.919080390224192,
        10.371147864499951,
        8.823215341906256,
        7.275282821975859,
        5.727350304241516,
        4.1794177882359795,
        2.6314852734920064,
        1.0835527595423504,
        -0.46437975408023385,
        -2.012312267842992,
        -3.560244782213169,
        -5.108177297658009,
        -6.65610981464476,
        -8.204042333640666,
        -9.751974855112973,
        -12.847839907355768,
        -14.395772439060746,
        -15.943704975111107,
        -17.491637515974094,
        -19.03957006211695,
        -20.587502614006933
    ],
    "centerTrace": 516.0,
    "right_vrot_incCorrected_avg": 202.57454942976256,
    "vrot_vals": [
        201.44179602848635,
        196.3993874299831,
        204.85780687595616,
        199.78045292643765,
        197.35739253150678,
        206.13461407563955,
        213.82811861484333,
        206.6227983460667,
        181.60960125331985,
        150.57438372729484,
        119.9014101672492,
        129.92821351337807,
        51.77853167028297,
        7.69280148645521,
        -23.972254602389512,
        -90.46581181578767,
        -171.2137832913577,
        -199.2158813851329,
        -186.42848666489408,
        -213.52844653875218,
        -246.4875769418959,
        -150.18010796223462,
        -165.48169507140847,
        -163.27077351349908,
        -194.6441158612979,
        -180.0475569199607,
        -151.4583312480172
    ],
    "vrot_incCorrected_vals": [
        201.44179602848635,
        196.3993874299831,
        204.85780687595616,
        199.78045292643765,
        197.35739253150678,
        206.13461407563955,
        213.82811861484333,
        206.6227983460667,
        181.60960125331985,
        150.57438372729484,
        119.9014101672492,
        129.92821351337807,
        51.77853167028297,
        7.69280148645521,
        -23.972254602389512,
        -90.46581181578767,
        -171.2137832913577,
        -199.2158813851329,
        -186.42848666489408,
        -213.52844653875218,
        -246.4875769418959,
        -150.18010796223462,
        -165.48169507140847,
        -163.27077351349908,
        -194.6441158612979,
        -180.0475569199607,
        -151.4583312480172
    ],
    "left_vrot_incCorrected_avg": -202.57454942976437,
    "vrot_errs": [
        31.728485069916122,
        31.71208746938958,
        31.727190563780354,
        31.734090020247777,
        31.77977791271508,
        31.738415905601922,
        31.71519866006585,
        31.735225131423174,
        31.728050950924153,
        31.72813965775961,
        44.155325478322965,
        59.277322516061616,
        36.78702592428606,
        31.72683304051688,
        31.715564133226703,
        31.734320635115406,
        31.802462495590444,
        61.438254018273476,
        31.72616805793009,
        31.719025288875052,
        31.754570421879233,
        31.84969593545486,
        31.95606560056733,
        32.87524823579222,
        31.970692916540035,
        31.882876771607965,
        31.922489566854747
    ],
    "agn": {
        "RBS1768":{"RAdeg":324.7079167,"DEdeg":-38.47777778}
    },
    "left_vrot_avg": -202.57454942976437,
    "vrot_incCorrected_errs": [
        31.728485069916122,
        31.71208746938958,
        31.727190563780354,
        31.734090020247777,
        31.77977791271508,
        31.738415905601922,
        31.71519866006585,
        31.735225131423174,
        31.728050950924153,
        31.72813965775961,
        44.155325478322965,
        59.277322516061616,
        36.78702592428606,
        31.72683304051688,
        31.715564133226703,
        31.734320635115406,
        31.802462495590444,
        61.438254018273476,
        31.72616805793009,
        31.719025288875052,
        31.754570421879233,
        31.84969593545486,
        31.95606560056733,
        32.87524823579222,
        31.970692916540035,
        31.882876771607965,
        31.922489566854747
    ],
    "inclination": 89.9,
    "di": 5.0,
    "vsys_measured": 9138.9,
    "right_vrot_avg_err": 5.6,
    "vsys_published": 9162.0,
    "vsys_measured_err": 31.7,
    "left_vrot_incCorrected_avg_err": 31.7,
    "right_vrot_avg": 202.57454942976256,
    "dist": 126.07,
    "name": "ESO343-G014",
    "RAdeg":324.43825,
    "DEdeg":-38.49256,
    "majDiam":45.23,
    "PA":158.0,
    "Lstar": 1.1,
    "e_Lstar": 0.5,
    "vrot_observed": [
        9340.367928373578,
        9335.325519775075,
        9343.783939221048,
        9338.70658527153,
        9336.283524876599,
        9345.060746420731,
        9352.754250959935,
        9345.548930691159,
        9320.535733598412,
        9289.500516072387,
        9258.827542512341,
        9268.85434585847,
        9190.704664015375,
        9146.618933831547,
        9114.953877742702,
        9048.460320529304,
        8967.712349053734,
        8939.710250959959,
        8952.497645680198,
        8925.39768580634,
        8892.438555403196,
        8988.746024382857,
        8973.444437273683,
        8975.655358831593,
        8944.282016483794,
        8958.878575425131,
        8987.467801097075
    ],
    "left_vrot_avg_err": 31.2,
    "dvsys_published": 45.0,
    "right_vrot_incCorrected_avg_err": 31.7
}