{
    "xVals": [
        6.0260032166344235,
        5.803641458790239,
        4.69183269450447,
        4.4694709461645035,
        4.247109199173652,
        4.024747453464796,
        3.8023857089708155,
        3.580023965624589,
        3.357662223358998,
        3.1353004821069206,
        2.9129387418012382,
        2.6905770023748294,
        2.468215263760576,
        2.245853525891355,
        2.0234917887000474,
        1.8011300521195344,
        1.5787683160826942,
        1.3564065805224075,
        1.134044845371553,
        0.9116831105630119,
        0.6893213760296634,
        0.4669596417043876,
        0.24459790752006397,
        0.0222361734095725,
        -0.20012556069420695,
        -0.4224872948583945,
        -0.6448490291501103,
        -0.8672107636364746,
        -1.0895724983846078,
        -1.3119342334616297,
        -1.5342959689346602,
        -1.7566577048708203,
        -1.9790194413372295,
        -2.2013811784010078,
        -2.4237429161292763,
        -2.6461046545891542,
        -2.868466393847762,
        -3.0908281339722206,
        -3.313189875029648,
        -3.5355516170871684,
        -3.7579133602118975,
        -3.980275104470958,
        -4.202636849931469,
        -4.424998596660551,
        -4.6473603447253256,
        -4.86972209419291,
        -5.092083845130429,
        -5.759169107433771
    ],
    "centerTrace": 518.0,
    "right_vrot_incCorrected_avg": 125.06653206599759,
    "vrot_vals": [
        63.54856019873455,
        36.95756908518615,
        49.54821919489723,
        54.643753863074835,
        60.07809855582468,
        61.829020525137594,
        57.92980454870667,
        52.75857779338662,
        49.99118006985577,
        47.97421663044179,
        45.94386889316229,
        48.09229994092016,
        54.28804216530466,
        46.94737147136743,
        45.22897380272411,
        43.74514394806192,
        43.21169060192847,
        37.792785815841626,
        47.93059204188103,
        49.54936119985109,
        52.577273089588516,
        31.98756359973845,
        21.387839216878092,
        5.980228369328415,
        -17.057391542893583,
        -37.23113715449381,
        -46.011693353083956,
        -49.377684384358645,
        -40.38850672388003,
        -37.89267777434475,
        -43.25585271953241,
        -49.44022057474626,
        -42.94458785389497,
        -49.725310687180354,
        -49.54341214078772,
        -49.703110111131764,
        -48.16281953246903,
        -51.02038996585952,
        -59.70556591207719,
        -56.1660358105712,
        -59.64261859997032,
        -59.22907577213482,
        -57.22969920878495,
        -58.7485200947001,
        -61.204333191278465,
        -54.014407149062436,
        -54.07634949678868,
        -49.86312784299071
    ],
    "vrot_incCorrected_vals": [
        150.36870374930754,
        87.44905847883531,
        117.24107470135283,
        129.29813690020313,
        142.1568919155842,
        146.2999262513489,
        137.07359523486454,
        124.83743029958568,
        118.28920942495436,
        113.51666734145228,
        108.71245531115143,
        113.79607625765009,
        128.45645131779347,
        111.08694470039806,
        107.02086941636867,
        103.50982886513806,
        102.24757071297908,
        89.42534962918775,
        113.41344277093543,
        117.24377691528264,
        124.4084268224256,
        75.68902363089235,
        50.60793901518804,
        14.15042583511838,
        -40.361226873246835,
        -88.09637567753106,
        -108.87294165559454,
        -116.83755496267383,
        -95.56734855121024,
        -89.66171413954203,
        -102.3520671855689,
        -116.98552819537333,
        -101.61555176771785,
        -117.660108870756,
        -117.22970024230862,
        -117.60757783256294,
        -113.9629398268163,
        -120.72452751027465,
        -141.2754045841729,
        -132.9001628543735,
        -141.12645855461042,
        -140.1479328606847,
        -135.41700487116825,
        -139.01084125594573,
        -144.8217900929961,
        -127.80897570915516,
        -127.9555437904092,
        -117.98621204302003
    ],
    "left_vrot_incCorrected_avg": -125.06653206599759,
    "vrot_errs": [
        9.688104832651787,
        11.240706594022486,
        9.582053529905886,
        8.436212653944269,
        8.442943312598453,
        9.965402437804295,
        8.503660649946902,
        8.730220481862888,
        8.430147602935865,
        8.460321723301112,
        8.537426062737115,
        8.517889849182996,
        8.422560001447538,
        8.430080037358202,
        8.424547059656337,
        8.412367284884775,
        8.41777894688032,
        8.434491678275949,
        8.423511319566789,
        8.42284155463423,
        8.434671839843492,
        8.41852301433206,
        8.39936301333565,
        8.39696556131359,
        8.398881720510184,
        8.402162447858435,
        8.401454818212214,
        8.405126176473631,
        8.403403068321122,
        8.403227346769409,
        8.425005248279367,
        8.470390398401152,
        8.446962892258767,
        8.438853546350874,
        8.408514362181414,
        8.403679454226001,
        8.401742054115267,
        8.401804930035189,
        8.448424617471916,
        8.455299390889712,
        8.693820023165749,
        8.844191841418782,
        8.69753541871989,
        8.565831060202052,
        8.424220972738993,
        8.425772538262956,
        9.934869276754533,
        9.169535995118618
    ],
    "agn": {
    "RBS2000":{"RAdeg":351.18625,"DEdeg":-40.68027778}
    },
    "left_vrot_avg": -52.85540038366935,
    "vrot_incCorrected_errs": [
        95.99790075196434,
        60.386889211832944,
        76.13753493981893,
        82.60615869956182,
        90.36570650297948,
        93.71333147898473,
        87.32807890412144,
        80.10208986956471,
        75.99760304789338,
        73.16624100007225,
        70.35842262450379,
        73.37016781533065,
        82.09207074578894,
        71.69866294266477,
        69.2772111651661,
        67.1869842750269,
        66.44382502449702,
        58.921904403265934,
        73.08088775100008,
        75.36783239003661,
        79.66709071257468,
        50.97635537991511,
        37.13949750408992,
        21.71936297229317,
        31.95380360478246,
        58.1211700678515,
        70.36215586793612,
        75.1138807890381,
        62.49440177504388,
        59.03483925920266,
        66.51075385612606,
        75.24333420847884,
        66.09098166772839,
        75.6267739196864,
        75.3504576467857,
        75.57342184883268,
        73.39472171636646,
        77.43820668087264,
        89.83571918948483,
        84.78540706256786,
        89.87682047160693,
        89.36904646556846,
        86.43711287989959,
        88.53075027647145,
        91.96803683655342,
        81.7045911358617,
        82.7356164679691,
        76.29534374503119
    ],
    "RAdeg":352.18096,
    "DEdeg":-41.33347,
    "majDiam":20.45,
    "PA":15.0,
    "inclination": 25.0,
    "di": 4.0,
    "vsys_measured": 1511.9,
    "right_vrot_avg_err": 7.3,
    "vsys_published": 1502.0,
    "vsys_measured_err": 8.4,
    "left_vrot_incCorrected_avg_err": 38.3,
    "right_vrot_avg": 52.85540038366935,
    "dist": 18.1,
    "name": "IC5325",
    "Lstar": 0.9,
    "e_Lstar": 0.7,