{
    "xVals": [
        20.03285133378786,
        18.390814317565052,
        16.748777306893537,
        15.106740301277659,
        13.464703300221768,
        11.822666303230218,
        10.180629309807351,
        8.538592319457523,
        6.896555331685079,
        5.254518345994366,
        3.612481361889739,
        1.9704443788755417,
        0.3284073964561266,
        -2.955666568580965,
        -4.597703552189942,
        -6.2397405371867425,
        -7.881777524067014,
        -9.523814513326412,
        -11.165851505460584,
        -12.807888500965182,
        -14.449925500335862
    ],
    "centerTrace": 513.5,
    "right_vrot_incCorrected_avg": -171.0,
    "vrot_vals": [
        -136.99306357918067,
        -161.3377309818461,
        -182.22783345028802,
        -155.3764195309359,
        -143.37001914695793,
        -140.02467556492593,
        -143.39359012880595,
        -164.02075738062558,
        -141.2032703400364,
        -134.88812007947672,
        -100.5959044733263,
        -63.05189832956057,
        -26.697267487548743,
        121.42287411965845,
        137.10680448169478,
        142.73067631383128,
        142.70102986566417,
        141.01634418274625,
        145.24345261666713,
        167.65392909776165,
        162.59320274009588
    ],
    "vrot_incCorrected_vals": [
        -156.6315765136846,
        -184.46615101954512,
        -208.35093465512867,
        -177.65026132228712,
        -163.92269460275014,
        -160.09778240979995,
        -163.94964458072985,
        -187.53380016680114,
        -161.44533354029673,
        -154.22488080065457,
        -115.01673659097354,
        -72.09064444223807,
        -30.524429382990988,
        138.82933705758157,
        156.7616226372577,
        163.19169937372914,
        163.15780298661926,
        161.23161075796713,
        166.06469238123216,
        191.68780182887096,
        185.90159976144008
    ],
    "left_vrot_incCorrected_avg": 171.0,
    "vrot_errs": [
        19.109754839990003,
        18.68255857587894,
        20.07201528403636,
        18.607683193326352,
        18.60151943969735,
        18.948434099983988,
        19.34884912601489,
        18.987510197186353,
        18.58986450148456,
        18.599189706798622,
        18.614957318301695,
        20.10384479143403,
        19.695519390994434,
        19.40786806183374,
        18.599189706798622,
        18.616581443809714,
        18.933224869710227,
        18.692157971915226,
        18.610962085560345,
        18.68117329924674,
        19.016980835080933
    ],
    "agn": {
    "MRC2251-178":{"RAdeg":343.5245833,"DEdeg":-17.58194444}
    },
    "left_vrot_avg": 150.0,
    "vrot_incCorrected_errs": [
        22.921970026535135,
        22.866965724247187,
        24.731734582032047,
        22.680746803410567,
        22.470803210786606,
        22.79341851296618,
        23.281538298985748,
        23.241113263077292,
        22.423031866534245,
        22.333464153293253,
        21.883431804013465,
        23.20607102233769,
        22.55941605152456,
        23.02455984160795,
        22.368013200699366,
        22.476692415511167,
        22.819360601487443,
        22.5309310031385,
        22.511776771691252,
        22.98147916238102,
        23.24694073130722
    ],
    "RAdeg":343.42021,
    "DEdeg":-17.47889,
    "majDiam":75.31,
    "PA":27.0,
    "inclination": 61.0,
    "di": 4.0,
    "vsys_measured": 9014.9,
    "right_vrot_avg_err": 14.8,
    "vsys_published": 9030.0,
    "vsys_measured_err": 18.6,
    "left_vrot_incCorrected_avg_err": 22.0,
    "right_vrot_avg": -150.0,
    "dist": 142.0,
    "name": "MCG-03-58-009",
    "Lstar": 2.9,
    "e_Lstar": 1.4,
    "vrot_observed": [
        8877.92993248766,
        8853.585265084994,
        8832.695162616552,
        8859.546576535904,
        8871.552976919882,
        8874.898320501914,
        8871.529405938034,
        8850.902238686214,
        8873.719725726804,
        8880.034875987363,
        8914.327091593514,
        8951.87109773728,
        8988.225728579291,
        9136.345870186498,
        9152.029800548535,
        9157.653672380671,
        9157.624025932504,
        9155.939340249586,
        9160.166448683507,
        9182.576925164602,
        9177.516198806936
    ],
    "left_vrot_avg_err": 11.2,
    "dvsys_published": 10.0,
    "right_vrot_incCorrected_avg_err": 22.0,
    "v200": 130.34,
    "c": 18.96,
    "r200": 220.36
}