{
    "xVals": [
        4.504852759389553,
        4.328191823315462,
        4.151530892467255,
        3.974869966631628,
        3.7982090455952804,
        3.62154812914491,
        3.4448872170672167,
        3.2682263091488974,
        3.091565405176652,
        2.9149045049371773,
        2.738243608217174,
        2.56158271480334,
        2.384921824482374,
        2.2082609370409747,
        1.8549391699436706,
        1.6782782898611635,
        1.5016174118050183,
        1.324956535561933,
        1.1482956609186072,
        0.971634787661739,
        0.7949739155780273,
        0.618313044454171,
        0.4416521740768692,
        0.26499130423282036,
        0.08833043470872325,
        -0.08833043470872325,
        -0.26499130423282036,
        -0.4416521740768692,
        -0.618313044454171,
        -0.7949739155780273,
        -0.971634787661739,
        -1.1482956609186072,
        -1.324956535561933,
        -1.5016174118050183,
        -1.6782782898611635,
        -1.8549391699436706,
        -2.0316000522658406,
        -2.2082609370409747,
        -2.384921824482374,
        -2.56158271480334,
        -2.738243608217174,
        -2.9149045049371773,
        -3.091565405176652,
        -3.2682263091488974,
        -3.4448872170672167,
        -3.62154812914491,
        -3.7982090455952804,
        -3.974869966631628,
        -4.151530892467255
    ],
    "centerTrace": 510.0,
    "right_vrot_incCorrected_avg": 85.62333776132921,
    "vrot_vals": [
        67.83996617324328,
        57.38395169163846,
        42.40468405589013,
        38.705410303804456,
        33.514769464533856,
        50.92294456055629,
        51.37613779973162,
        72.31109822209123,
        70.24891138720773,
        67.9406910087016,
        49.03004853746984,
        60.69672529283275,
        74.41572196047946,
        66.36888109374968,
        89.8365343850196,
        88.61481750353937,
        103.62893912990103,
        93.18425333729783,
        106.47326230599901,
        99.04959069330766,
        81.5430204519705,
        51.711795890787926,
        19.992426047143454,
        39.22027180962641,
        48.821472755816785,
        -29.709273294612785,
        -48.31088922994604,
        -21.169999899087543,
        -39.955158867891214,
        -67.27936283110967,
        -74.99077400776059,
        -94.23538440273524,
        -100.55656444931219,
        -103.90113146800832,
        -70.59647605107557,
        -70.05744972087882,
        -49.45663994300435,
        -63.68812274609422,
        -61.561572513003284,
        -57.89925404063024,
        -62.78392891724707,
        -67.92299681358122,
        -76.09189516794368,
        -62.447220181641114,
        -58.9273325650629,
        -55.138891067565055,
        -49.05958766658091,
        -54.302349611147065,
        -49.2541396276049
    ],
    "vrot_incCorrected_vals": [
        91.2876788581056,
        77.21772355041989,
        57.06113075422342,
        52.08326691764315,
        45.098570716689125,
        68.52358088861553,
        69.1334125440862,
        97.30418048142741,
        94.52923438184479,
        91.42321749338252,
        65.97643804620866,
        81.67550013396291,
        100.13623106730914,
        89.3081386271034,
        120.88698098289102,
        119.24299876085857,
        139.44649222758173,
        125.39178117460015,
        143.27390658691715,
        133.28437109102993,
        109.72695719113364,
        69.58508505736874,
        26.90246283327126,
        52.776081411091596,
        65.69577164781307,
        -39.97777051805162,
        -65.00871374420358,
        -28.48704474997588,
        -53.76496948925686,
        -90.53331265260388,
        -100.91003992335779,
        -126.80621753935876,
        -135.31220429976747,
        -139.812763146487,
        -94.9969287692,
        -94.27159729716763,
        -66.55047340366468,
        -85.70082245433271,
        -82.83926685953348,
        -77.91113125686628,
        -84.48410964432787,
        -91.3994076053045,
        -102.39174459576229,
        -84.03102334935213,
        -79.2945473679483,
        -74.1966964947162,
        -66.01618686514459,
        -73.07101893128757,
        -66.27798235150757
    ],
    "left_vrot_incCorrected_avg": -85.62333776132891,
    "vrot_errs": [
        15.106451870093663,
        15.092730917666415,
        15.068439100707085,
        17.09049804944852,
        16.63395244180087,
        17.22974416372001,
        16.53903652802808,
        17.059511093140866,
        14.966529471376303,
        14.96867436246325,
        15.019449470164695,
        14.965791888441265,
        14.993217017272634,
        16.315677354870658,
        15.418922595734566,
        15.817200802979924,
        15.43980407792615,
        14.985125278651477,
        14.955913801103822,
        14.988885607155552,
        14.964079443881896,
        15.00523905521169,
        15.035241704652412,
        15.970636152042097,
        15.70249257105987,
        14.990737975179469,
        15.543154747672375,
        15.462729615736782,
        15.34224834195685,
        14.93415118475823,
        14.937149001122725,
        14.93214066844632,
        15.03165830158739,
        15.181076379373216,
        15.610203396097981,
        15.246821468220885,
        15.484549501200972,
        15.632710743367062,
        15.097587344737892,
        14.943510871068808,
        14.929640887769557,
        14.932558585034444,
        14.944587871092487,
        14.977170773801465,
        15.174401869263376,
        14.964567111301387,
        15.395285090584444,
        15.000876442195109,
        14.965453539792065
    ],
    "agn": {
    "1H0419-577":{"RAdeg":66.50291667,"DEdeg":-57.20055556},
    "HE0429-5343":{"RAdeg":67.66666667,"DEdeg":-53.61555556},
    "HE0435-5304":{"RAdeg":69.21208333,"DEdeg":-52.97972222},
    "RBS567":{"RAdeg":69.91125,"DEdeg":-53.19194444},
    "HE0439-5254":{"RAdeg":70.05,"DEdeg":-52.805}
    },
    "left_vrot_avg": -63.63054039743474,
    "vrot_incCorrected_errs": [
        21.136598801004695,
        20.891713223214126,
        20.597183181359494,
        23.233682653742616,
        22.565301597637482,
        23.588927167638744,
        22.683502666793654,
        23.771326750226365,
        21.013344642771248,
        20.960734921781498,
        20.639516296454516,
        20.794358681735904,
        21.15186171950151,
        22.674175070663058,
        22.120184676760406,
        22.588502155398192,
        22.581297069783094,
        21.676844742321958,
        22.082514497617257,
        21.87021853963137,
        21.30542706084933,
        20.668475565037767,
        20.303770781057867,
        21.749854962467875,
        21.536897343800202,
        20.330837205112747,
        21.318105399958938,
        20.885490906365767,
        20.924894049205527,
        20.90051286546069,
        21.094755817954734,
        21.643728201351195,
        21.97324801740991,
        22.27063538304665,
        21.85303481697046,
        21.37052039183876,
        21.259946869267438,
        21.72712410936579,
        20.98452737456549,
        20.707025445216047,
        20.79246523320094,
        20.913619328241378,
        21.132997257774207,
        20.846899357301528,
        21.029690875756764,
        20.679635421525678,
        21.135493044767895,
        20.711114226788148,
        20.572273959695355
    ],
    "RAdeg":65.00175,
    "DEdeg":-54.93781,
    "majDiam":15.26,
    "PA":170.0,
    "inclination": 48.0,
    "di": 3.0,
    "vsys_measured": 1501.9,
    "right_vrot_avg_err": 13.0,
    "vsys_published": 1504.0,
    "vsys_measured_err": 14.9,
    "left_vrot_incCorrected_avg_err": 20.5,
    "right_vrot_avg": 63.63054039743497,
    "dist": 7.19,
    "name": "NGC1566",
    "Lstar": 0.59,
    "e_Lstar": 1.6,