{
    "xVals": [
        4.504852759389553,
        4.328191823315462,
        4.151530892467255,
        3.974869966631628,
        3.7982090455952804,
        3.62154812914491,
        3.4448872170672167,
        3.2682263091488974,
        3.091565405176652,
        2.9149045049371773,
        2.738243608217174,
        2.56158271480334,
        2.384921824482374,
        2.2082609370409747,
        1.8549391699436706,
        1.6782782898611635,
        1.5016174118050183,
        1.324956535561933,
        1.1482956609186072,
        0.971634787661739,
        0.7949739155780273,
        0.618313044454171,
        0.4416521740768692,
        0.26499130423282036,
        0.08833043470872325,
        -0.08833043470872325,
        -0.26499130423282036,
        -0.4416521740768692,
        -0.618313044454171,
        -0.7949739155780273,
        -0.971634787661739,
        -1.1482956609186072,
        -1.324956535561933,
        -1.5016174118050183,
        -1.6782782898611635,
        -1.8549391699436706,
        -2.0316000522658406,
        -2.2082609370409747,
        -2.384921824482374,
        -2.56158271480334,
        -2.738243608217174,
        -2.9149045049371773,
        -3.091565405176652,
        -3.2682263091488974,
        -3.4448872170672167,
        -3.62154812914491,
        -3.7982090455952804,
        -3.974869966631628,
        -4.151530892467255
    ],
    "centerTrace": 510.0,
    "right_vrot_incCorrected_avg": 195.44460822198897,
    "vrot_vals": [
        67.83996617324328,
        57.38395169163846,
        42.40468405589013,
        38.705410303804456,
        33.514769464533856,
        50.92294456055629,
        51.37613779973162,
        72.31109822209123,
        70.24891138720773,
        67.9406910087016,
        49.03004853746984,
        60.69672529283275,
        74.41572196047946,
        66.36888109374968,
        89.8365343850196,
        88.61481750353937,
        103.62893912990103,
        93.18425333729783,
        106.47326230599901,
        99.04959069330766,
        81.5430204519705,
        51.711795890787926,
        19.992426047143454,
        39.22027180962641,
        48.821472755816785,
        -29.709273294612785,
        -48.31088922994604,
        -21.169999899087543,
        -39.955158867891214,
        -67.27936283110967,
        -74.99077400776059,
        -94.23538440273524,
        -100.55656444931219,
        -103.90113146800832,
        -70.59647605107557,
        -70.05744972087882,
        -49.45663994300435,
        -63.68812274609422,
        -61.561572513003284,
        -57.89925404063024,
        -62.78392891724707,
        -67.92299681358122,
        -76.09189516794368,
        -62.447220181641114,
        -58.9273325650629,
        -55.138891067565055,
        -49.05958766658091,
        -54.302349611147065,
        -49.2541396276049
    ],
    "vrot_incCorrected_vals": [
        208.3740846409188,
        176.2578769023613,
        130.2482551667086,
        118.88573797502028,
        102.94240700665414,
        156.41254792092244,
        157.80455519488623,
        222.10740587530978,
        215.77328871227846,
        208.68346636047386,
        150.5984165411423,
        186.43323820794697,
        228.5718702572682,
        203.85556813568365,
        275.9377204284939,
        272.1851516813531,
        318.3018293134015,
        286.2204182490474,
        327.03832008240977,
        304.2361156559069,
        250.46374878996716,
        158.8355469748285,
        61.40780593383979,
        120.46716262842479,
        149.95776487175277,
        -91.25362197709173,
        -148.38948026258367,
        -65.02478700469281,
        -122.72440753461082,
        -206.6521614907005,
        -230.33817337816146,
        -289.44902353813046,
        -308.86486615061426,
        -319.1378826385836,
        -216.84085216745532,
        -215.18520396348555,
        -151.90871486023252,
        -195.62147548578895,
        -189.08966270257406,
        -177.84065562914117,
        -192.8441957780891,
        -208.62911769375648,
        -233.72032591706397,
        -191.809976887217,
        -180.99845380552256,
        -169.36205311450723,
        -150.6891475561592,
        -166.79257128722958,
        -151.28672431039791
    ],
    "left_vrot_incCorrected_avg": -195.44460822198826,
    "vrot_errs": [
        15.106451870093663,
        15.092730917666415,
        15.068439100707085,
        17.09049804944852,
        16.63395244180087,
        17.22974416372001,
        16.53903652802808,
        17.059511093140866,
        14.966529471376303,
        14.96867436246325,
        15.019449470164695,
        14.965791888441265,
        14.993217017272634,
        16.315677354870658,
        15.418922595734566,
        15.817200802979924,
        15.43980407792615,
        14.985125278651477,
        14.955913801103822,
        14.988885607155552,
        14.964079443881896,
        15.00523905521169,
        15.035241704652412,
        15.970636152042097,
        15.70249257105987,
        14.990737975179469,
        15.543154747672375,
        15.462729615736782,
        15.34224834195685,
        14.93415118475823,
        14.937149001122725,
        14.93214066844632,
        15.03165830158739,
        15.181076379373216,
        15.610203396097981,
        15.246821468220885,
        15.484549501200972,
        15.632710743367062,
        15.097587344737892,
        14.943510871068808,
        14.929640887769557,
        14.932558585034444,
        14.944587871092487,
        14.977170773801465,
        15.174401869263376,
        14.964567111301387,
        15.395285090584444,
        15.000876442195109,
        14.965453539792065
    ],
    "agn": {
    "1H0419-577":{"RAdeg":66.50291667,"DEdeg":-57.20055556},
    "HE0429-5343":{"RAdeg":67.66666667,"DEdeg":-53.61555556},
    "HE0435-5304":{"RAdeg":69.21208333,"DEdeg":-52.97972222},
    "RBS567":{"RAdeg":69.91125,"DEdeg":-53.19194444},
    "HE0439-5254":{"RAdeg":70.05,"DEdeg":-52.805}
    },
    "left_vrot_avg": -63.63054039743474,
    "vrot_incCorrected_errs": [
        56.61684677242988,
        53.87139338879733,
        50.53098929875539,
        55.662009510361045,
        53.54690968179035,
        58.2560558823912,
        56.42976222546371,
        62.78106179657464,
        56.93716743434202,
        56.29832786863247,
        51.749503421830354,
        54.36530049627294,
        58.19995897898165,
        59.31940682122424,
        63.94234805652443,
        64.46810635697935,
        68.59244670245305,
        64.06487982654349,
        68.57713750925112,
        66.05468682561435,
        60.27604431160164,
        52.30457988900067,
        47.16080366599775,
        52.517945911452024,
        53.58469824627154,
        48.18690602834024,
        53.03779650431068,
        48.56158950228859,
        50.85078962717922,
        56.02956165917716,
        58.23273153883282,
        64.29934610019559,
        66.66427578737097,
        68.14028045100481,
        58.6405952004576,
        57.58119359869188,
        53.11750552038386,
        56.861262169852054,
        54.928566931888554,
        53.6043575183452,
        54.811761664584076,
        56.20287931554071,
        58.57638413449624,
        54.84612121240288,
        54.465593066483656,
        52.990676818648254,
        52.78748200842434,
        52.88988433793262,
        51.65048806027867
    ],
    "RAdeg":65.00175,
    "DEdeg":-54.93781,
    "majDiam":15.26,
    "PA":170.0,
    "inclination": 19.0,
    "di": 1.0,
    "vsys_measured": 1501.9,
    "right_vrot_avg_err": 13.0,
    "vsys_published": 1504.0,
    "vsys_measured_err": 14.9,
    "left_vrot_incCorrected_avg_err": 46.9,
    "right_vrot_avg": 63.63054039743497,
    "dist": 7.15,
    "name": "NGC1566",
    "Lstar": 0.59,
    "e_Lstar": 1.6,