{
    "xVals": [
    22.2235,
    20.6963,
    17.4245,
    15.679,
    14.1517,
    10.2258,
    8.6986,
    7.3897,
    6.4078,
    5.2085,
    3.8996,
    2.8089,
    1.7175,
    -0.7908,
    -1.5544,
    -2.8633,
    -3.9539,
    -5.9169,
    -7.0075,
    -8.2077,
    -9.6253,
    -11.0438,
    -11.9161,
    -12.7885,
    -13.8791,
    -15.2976,
    -17.1518,
    -19.1148
    ],
    "centerTrace": 513.0,
    "right_vrot_incCorrected_avg": -150.0,
    "vrot_vals": [
    ],
    "vrot_incCorrected_vals": [
    -148.864486,
    -148.8945427,
    -146.286724,
    -146.3210455,
    -145.0150038,
    -134.403491,
    -118.4004692,
    -99.72098585,
    -83.70720046,
    -63.68948641,
    -46.34610142,
    -31.67054677,
    -14.32289699,
    19.03000859,
    36.3841571,
    53.72754209,
    75.08348688,
    99.09446763,
    119.1143141,
    133.7877363,
    143.1123989,
    147.0928712,
    148.4117073,
    149.7306449,
    151.0453178,
    151.0174951,
    149.6449429,
    149.6062552
    ],
    "left_vrot_incCorrected_avg": 150.0,
    "vrot_errs": [
    ],
    "agn": {
        "FBQSJ0908+3246":{"RAdeg": 137.1616667,"DEdeg": 32.77222222},
        "TON1009":{"RAdeg": 137.2758333,"DEdeg": 32.60833333},
        "TON1015":{"RAdeg": 137.6541667,"DEdeg": 33.49},
        "SDSSJ091052.80+333008.0":{"RAdeg": 137.72,"DEdeg": 33.50222222},
        "SDSSJ091127.30+325337.0":{"RAdeg": 137.86375,"DEdeg": 32.89361111}
    },
    "left_vrot_avg": -99,
    "vrot_incCorrected_errs": [
    ],
    "inclination": 80.0,
    "di": 1.0,
    "vsys_measured": 1947.0,
    "right_vrot_avg_err": -99,
    "vsys_published": 1947.0,
    "vsys_measured_err": 2.0,
    "left_vrot_incCorrected_avg_err": 10.0,
    "right_vrot_avg":-99,
    "dist": 29.2,
    "name": "NGC2770",
    "RAdeg": 137.39045,
    "DEdeg": 33.12353,
    "majDiam": 21.53,
    "PA": 150.0,
    "vrot_observed": [
    ],
    "left_vrot_avg_err": -99,
    "dvsys_published": 2.0,
    "right_vrot_incCorrected_avg_err": 10.0
}