{
    "xVals": [
    22.2235,
    20.6963,
    17.4245,
    15.679,
    14.1517,
    11.8618,
    10.1163,
    8.0438,
    6.9531,
    6.2991,
    5.0989,
    3.8996,
    3.136,
    2.0453,
    1.3905,
    -0.6821,
    -1.7727,
    -3.299,
    -4.7175,
    -6.1352,
    -8.2077,
    -9.1896,
    -11.0438,
    -11.9161,
    -12.7885,
    -13.8791,
    -15.2976,
    -17.1518,
    -19.1148
    ],
    "centerTrace": 513.0,
    "right_vrot_incCorrected_avg": -148.0,
    "vrot_vals": [
    ],
    "vrot_incCorrected_vals": [
    -148.864486,
    -148.8945427,
    -146.286724,
    -146.3210455,
    -145.0150038,
    -147.7321838,
    -145.0943086,
    -142.4629321,
    -131.7956724,
    -125.1280766,
    -106.4464609,
    -79.74825519,
    -61.05800834,
    -39.70206356,
    -19.67368752,
    29.72082613,
    55.08506593,
    79.10457626,
    96.4459304,
    119.1314748,
    132.451638,
    139.112735,
    147.0928712,
    148.4117073,
    149.7306449,
    151.0453178,
    151.0174951,
    149.6449429,
    149.6062552
    ],
    "left_vrot_incCorrected_avg": 148.0,
    "vrot_errs": [
    ],
    "agn": {
        "FBQSJ0908+3246":{"RAdeg": 137.1616667,"DEdeg": 32.77222222},
        "TON1009":{"RAdeg": 137.2758333,"DEdeg": 32.60833333},
        "TON1015":{"RAdeg": 137.6541667,"DEdeg": 33.49},
        "SDSSJ091052.80+333008.0":{"RAdeg": 137.72,"DEdeg": 33.50222222},
        "SDSSJ091127.30+325337.0":{"RAdeg": 137.86375,"DEdeg": 32.89361111}
    },
    "left_vrot_avg": -99,
    "vrot_incCorrected_errs": [
    4.67,
    4.67,
    4.65,
    4.65,
    4.64,
    4.66,
    4.64,
    4.62,
    4.55,
    4.5,
    4.39,
    4.25,
    4.17,
    4.11,
    4.07,
    4.09,
    4.15,
    4.24,
    4.32,
    4.45,
    4.54,
    4.58,
    4.64,
    4.65,
    4.66,
    4.67,
    4.67,
    4.66,
    4.66
    ],
    "inclination": 80,
    "di": 5,
    "vsys_measured": 1948,
    "right_vrot_avg_err": -99,
    "vsys_published": 1947,
    "vsys_measured_err": 4,
    "left_vrot_incCorrected_avg_err": 6.0,
    "right_vrot_avg":-99,
    "dist": 29.2,
    "name": "NGC2770",
    "RAdeg": 137.39045,
    "DEdeg": 33.12353,
    "majDiam": 21.53,
    "PA": 150.0,
    "Lstar": 1.8,
    "e_Lstar": 1.3,
    "vrot_observed": [
    ],
    "left_vrot_avg_err": -99,
    "dvsys_published": 2,
    "right_vrot_incCorrected_avg_err": 6.0,
    "v200": 115.0,
    "c": 15.17,
    "r200": 250
}