{
    "xVals": [
        4.6646516510226235,
        4.152052564899866,
        3.6394534800304097,
        3.1268543962595277,
        2.614255313432489,
        2.1016562313945677,
        1.5890571499910335,
        1.0764580690671588,
        0.5638589884682138,
        0.05125990803947031,
        -0.4613391723738003,
        -0.9739382529263265,
        -1.4865373337728374,
        -1.999136415068061,
        -2.511735496966727,
        -3.0243345796235634,
        -3.5369336631932984,
        -4.0495327478306615,
        -4.5621318336903816,
        -5.074730920927185
    ],
    "centerTrace": 523.0,
    "right_vrot_incCorrected_avg": 157.0,
    "vrot_vals": [
        149.97020049011326,
        151.818192879045,
        154.65534426410431,
        146.82859058883787,
        145.61884191905665,
        136.51400199864747,
        126.85967498271384,
        111.70193481536808,
        110.81642418730326,
        32.98193570676494,
        -71.80386928501048,
        -89.27247928218776,
        -148.29535995970627,
        -158.73045291085646,
        -157.1793818055512,
        -149.08695210180076,
        -151.69931123507467,
        -141.37558660531886,
        -157.41436074138483,
        -156.18784743911147
    ],
    "vrot_incCorrected_vals": [
        157.68800057679337,
        159.63109476443492,
        162.61425227027007,
        154.38471644230938,
        153.11271141521195,
        143.53931618116513,
        133.38815602346796,
        117.45036483268485,
        116.5192838581132,
        34.67925947791859,
        -75.49905610733092,
        -93.86663962931378,
        -155.92696902744723,
        -166.89907507199666,
        -165.2681823976607,
        -156.75929826186345,
        -159.50609520664477,
        -148.65108874501834,
        -165.51525387218146,
        -164.2256214673153
    ],
    "left_vrot_incCorrected_avg": -157.0,
    "vrot_errs": [
        6.679774196781203,
        6.66784139598286,
        6.701074055452625,
        6.671833149591966,
        6.6707788309500335,
        6.6668351418739675,
        6.67903274675298,
        6.676158045597754,
        6.945030938846918,
        32.97061001418241,
        6.966248322446765,
        6.668763196286889,
        6.678384187910348,
        6.627782261284683,
        6.628917623104394,
        6.633229377261726,
        6.704848480285841,
        7.180709062859198,
        7.858204236445184,
        11.844528397847384
    ],
    "agn": {
    "SDSSJ112005.00+041323.0":{"RAdeg":170.020833333, "DEdeg":4.22305555556},
    "SDSSJ112224.10+031802.0":{"RAdeg":170.600416667,"DEdeg":3.30055555556},
    "RX_J1121.2+0326":{"RAdeg":170.309166667,"DEdeg":3.42944444444}
    },
    "left_vrot_avg": -149.0,
    "vrot_incCorrected_errs": [
        8.451743682164368,
        8.473720368845184,
        8.55275372332426,
        8.39037876687312,
        8.368705726901903,
        8.212962024761879,
        8.070564328570994,
        7.844619906595525,
        8.086621217187869,
        34.682765339367585,
        7.662801374796617,
        7.54978086288827,
        8.421433210605949,
        8.562975891520336,
        8.535787836960479,
        8.395673240115734,
        8.503858476999053,
        8.754855521026924,
        9.623994533091253,
        13.38195093961935
    ],
    "inclination": 72.0,
    "di": 5.0,
    "vsys_measured": 2587.2,
    "right_vrot_avg_err": 3.3,
    "vsys_published": 2600.0,
    "vsys_measured_err": 6.6,
    "left_vrot_incCorrected_avg_err": 9.0,
    "right_vrot_avg": 149.0,
    "dist": 41.725,
    "name": "NGC3633",
    "RAdeg":170.10924,
    "DEdeg":3.58561,
    "majDiam":18.14,
    "PA":70.0,
    "Lstar": 0.88,
    "e_Lstar": 0.14,
    "vrot_observed": [
        2737.1254315413994,
        2738.973423930331,
        2741.8105753153905,
        2733.983821640124,
        2732.774072970343,
        2723.6692330499336,
        2714.014906034,
        2698.857165866654,
        2697.9716552385894,
        2620.137166758051,
        2515.3513617662757,
        2497.8827517690984,
        2438.85987109158,
        2428.4247781404297,
        2429.975849245735,
        2438.0682789494854,
        2435.4559198162115,
        2445.7796444459673,
        2429.7408703099013,
        2430.9673836121747
    ],
    "left_vrot_avg_err": 5.7,
    "dvsys_published": 2.0,
    "right_vrot_incCorrected_avg_err": 9.0,
    "v200": 111.91,
    "c": 21.4,
    "r200": 60.03
}