{
    "xVals": [
    16.2906,
    14.7851,
    13.2796,
    11.5671,
    9.8578,
    7.3958,
    6.1961,
    5.0325,
    4.1055,
    3.0767,
    1.9821,
    -1.3115,
    -2.0643,
    -2.9583,
    -3.8491,
    -5.2856,
    -6.7943,
    -8.7074
    ],
    "centerTrace": 513.0,
    "right_vrot_incCorrected_avg": -119.0,
    "vrot_vals": [
    ],
    "vrot_incCorrected_vals": [
    -121.158,
    -119.434,
    -116.806,
    -111.478,
    -108.861,
    -104.479,
    -97.768,
    -81.566,
    -61.286,
    -42.367,
    -23.451,
    44.139,
    65.784,
    87.422,
    109.963,
    120.728,
    128.777,
    131.383
    ],
    "left_vrot_incCorrected_avg": 119.0,
    "vrot_errs": [
    ],
    "agn": {
        "MS1047.3+3518":{"RAdeg": 162.5454167,"DEdeg": 35.03388889},
        "CSO295":{"RAdeg": 163.0233333,"DEdeg": 36.67777778},
        "RX_J1054.2+3511":{"RAdeg": 163.5675,"DEdeg": 35.19}
    },
    "left_vrot_avg": -99,
    "vrot_incCorrected_errs": [
    6,
    6,
    6,
    6,
    6,
    6,
    6,
    6,
    6,
    6,
    6,
    6,
    6,
    6,
    6,
    6,
    6,
    6
    ],
    "inclination": 89.9,
    "di": 4.0,
    "vsys_measured": 616.0,
    "right_vrot_avg_err": -99,
    "vsys_published": 616.0,
    "vsys_measured_err": 4.0,
    "left_vrot_incCorrected_avg_err": 8.0,
    "right_vrot_avg":-99,
    "dist": 11.3,
    "name": "NGC3432",
    "RAdeg": 163.12971,
    "DEdeg": 36.61878,
    "majDiam": 28.98,
    "PA": 43.0,
    "Lstar": 0.42,
    "e_Lstar": 0.72,
    "vrot_observed": [
    ],
    "left_vrot_avg_err": -99,
    "dvsys_published": 4.0,
    "right_vrot_incCorrected_avg_err": 8.0,
    "v200": 122.11,
    "c": 8.71,
    "r200": 190.82
}