{
    "xVals": [
    9.9525,
    9.1234,
    8.2768,
    7.4501,
    6.6234,
    5.8067,
    5.5104,
    5.234,
    4.9377,
    4.6488,
    4.3625,
    4.0761,
    3.7898,
    3.5034,
    3.2046,
    2.9208,
    2.622,
    2.3257,
    2.0393,
    1.743,
    1.4591,
    1.1628,
    0.8665,
    0.5827,
    0.2913,
    -0.2913,
    -0.5827,
    -0.8665,
    -1.1628,
    -1.4591,
    -1.743,
    -2.0393,
    -2.3257,
    -2.622,
    -2.9208,
    -3.2046,
    -3.5034,
    -3.7898,
    -4.0761,
    -4.3625,
    -4.6488,
    -4.9377,
    -5.234,
    -5.5104,
    -5.8067,
    -6.6234,
    -7.4501,
    -8.2768,
    -9.1234,
    -9.9525
    ],
    "centerTrace": 513.0,
    "right_vrot_incCorrected_avg": 145.0,
    "vrot_vals": [
    ],
    "vrot_incCorrected_vals": [
    127.633,
    137.893,
    137.893,
    133.379,
    141.587,
    147.332,
    146.512,
    145.28,
    145.486,
    146.101,
    147.127,
    150.616,
    154.514,
    156.156,
    152.668,
    150.821,
    146.306,
    137.893,
    136.457,
    136.047,
    123.324,
    109.371,
    105.882,
    90.082,
    47.811,
    -47.811,
    -90.082,
    -105.882,
    -109.371,
    -123.324,
    -136.047,
    -136.457,
    -137.893,
    -146.306,
    -150.821,
    -152.668,
    -156.156,
    -154.514,
    -150.616,
    -147.127,
    -146.101,
    -145.486,
    -145.28,
    -146.512,
    -147.332,
    -141.587,
    -133.379,
    -137.893,
    -137.893,
    -127.633
    ],
    "left_vrot_incCorrected_avg": -145.0,
    "vrot_errs": [
    ],
    "agn": {
        "SDSSJ111443.70+525834.0":{"RAdeg": 168.6820833,"DEdeg": 52.97611111},
        "RX_J1117.6+5301":{"RAdeg": 169.41875,"DEdeg": 53.03083333},
        "SBS1116+523":{"RAdeg": 169.9495833,"DEdeg": 52.09805556},
        "SDSSJ112448.30+531818.0":{"RAdeg": 171.20125,"DEdeg": 53.30527778}
    },
    "left_vrot_avg": -99,
    "vrot_incCorrected_errs": [
    25.15,
    27.14,
    27.14,
    26.27,
    27.86,
    28.97,
    28.81,
    28.57,
    28.61,
    28.73,
    28.93,
    29.61,
    30.36,
    30.68,
    30.0,
    29.65,
    28.77,
    27.14,
    26.86,
    26.78,
    24.32,
    21.63,
    20.96,
    17.92,
    9.94,
    9.94,
    17.92,
    20.96,
    21.63,
    24.32,
    26.78,
    26.86,
    27.14,
    28.77,
    29.65,
    30.0,
    30.68,
    30.36,
    29.61,
    28.93,
    28.73,
    28.61,
    28.57,
    28.81,
    28.97,
    27.86,
    26.27,
    27.14,
    27.14,
    25.15
    ],
    "inclination": 17.0,
    "di": 10.0,
    "vsys_measured": 1156.0,
    "right_vrot_avg_err": 8.0,
    "vsys_published": 1156.0,
    "vsys_measured_err": 1.0,
    "left_vrot_incCorrected_avg_err": 8.0,
    "right_vrot_avg": -99,
    "dist": 8.56,
    "name": "NGC3631",
    "RAdeg": 170.26198,
    "DEdeg": 53.16957,
    "majDiam": 15.79,
    "PA": 150.0,
    "Lstar": 0.45,
    "e_Lstar": 1.5,
    "vrot_observed": [
    ],
    "left_vrot_avg_err": 8.0,
    "dvsys_published": 1.0,
    "right_vrot_incCorrected_avg_err": 8.0,
    "v200": 122.11,
    "c": 8.71,
    "r200": 190.82
}