{
    "xVals": [
    10.28668,
    10.04719,
    9.79775,
    9.56043,
    9.31672,
    9.07751,
    8.83467,
    8.58809,
    8.34956,
    8.10104,
    7.86179,
    7.61953,
    7.37867,
    7.13205,
    6.88751,
    6.64796,
    6.40182,
    6.1613,
    5.91662,
    5.67736,
    5.4321,
    5.19105,
    4.9499,
    4.70647,
    4.46155,
    4.22302,
    3.9795,
    3.7382,
    3.4924,
    3.25266,
    3.00332,
    2.75995,
    2.52457,
    2.2763,
    2.03559,
    1.05888,
    0.822,
    0.5842,
    0.33152,
    0.09114,
    -0.09114,
    -0.33152,
    -0.5842,
    -0.822,
    -1.05888,
    -2.03559,
    -2.2763,
    -2.52457,
    -2.75995,
    -3.00332,
    -3.25266,
    -3.4924,
    -3.7382,
    -3.9795,
    -4.22302,
    -4.46155,
    -4.70647,
    -4.9499,
    -5.19105,
    -5.4321,
    -5.67736,
    -5.91662,
    -6.1613,
    -6.40182,
    -6.64796,
    -6.88751,
    -7.13205,
    -7.37867,
    -7.61953,
    -7.86179,
    -8.10104,
    -8.34956,
    -8.58809,
    -8.83467,
    -9.07751,
    -9.31672,
    -9.56043,
    -9.79775,
    -10.04719,
    -10.28668
],
    "centerTrace": 513.0,
    "right_vrot_incCorrected_avg": 199.0,
    "vrot_vals": [
    ],
    "vrot_incCorrected_vals": [
    186.246,
    185.122,
    195.456,
    199.283,
    193.458,
    194.794,
    194.322,
    194.38,
    190.145,
    194.977,
    201.509,
    203.372,
    201.849,
    201.625,
    203.237,
    202.519,
    208.754,
    208.639,
    204.611,
    197.648,
    193.234,
    192.97,
    199.069,
    201.931,
    202.24,
    212.727,
    213.014,
    212.242,
    212.334,
    211.293,
    206.282,
    203.819,
    204.35,
    198.495,
    188.15,
    149.286,
    150.722,
    131.583,
    131.807,
    91.014,
    -91.014,
    -131.807,
    -131.583,
    -150.722,
    -149.286,
    -188.15,
    -198.495,
    -204.35,
    -203.819,
    -206.282,
    -211.293,
    -212.334,
    -212.242,
    -213.014,
    -212.727,
    -202.24,
    -201.931,
    -199.069,
    -192.97,
    -193.234,
    -197.648,
    -204.611,
    -208.639,
    -208.754,
    -202.519,
    -203.237,
    -201.625,
    -201.849,
    -203.372,
    -201.509,
    -194.977,
    -190.145,
    -194.38,
    -194.322,
    -194.794,
    -193.458,
    -199.283,
    -195.456,
    -185.122,
    -186.246    
    ],
    "left_vrot_incCorrected_avg": -199.0,
    "vrot_errs": [
    ],
    "agn": {
        "SDSSJ104335.90+115129.0":{"RAdeg":160.8995833,"DEdeg":11.85805556},
        "SDSSJ104341.53+085558.2":{"RAdeg":160.9229167,"DEdeg":8.932777778},
        "SDSSJ104709.80+130454.0":{"RAdeg":161.7908333,"DEdeg":13.08194444},
        "SDSSJ104816.30+120735.0":{"RAdeg":162.0679167,"DEdeg":12.12638889},
        "SDSSJ104843.50+130605.0":{"RAdeg":162.18125,"DEdeg":13.10166667},
        "SDSSJ105220.60+101751.0":{"RAdeg":163.0858333,"DEdeg":10.29777778}
    },
    "left_vrot_avg": -99,
    "vrot_incCorrected_errs": [
    15.63,
    15.57,
    16.15,
    16.36,
    16.04,
    16.11,
    16.08,
    16.09,
    15.85,
    16.12,
    16.49,
    16.59,
    16.51,
    16.5,
    16.59,
    16.55,
    16.9,
    16.89,
    16.66,
    16.27,
    16.02,
    16.01,
    16.35,
    16.51,
    16.53,
    17.13,
    17.15,
    17.1,
    17.11,
    17.05,
    16.76,
    16.62,
    16.65,
    16.32,
    15.74,
    13.67,
    13.75,
    12.8,
    12.81,
    11.05,
    11.05,
    12.81,
    12.8,
    13.75,
    13.67,
    15.74,
    16.32,
    16.65,
    16.62,
    16.76,
    17.05,
    17.11,
    17.1,
    17.15,
    17.13,
    16.53,
    16.51,
    16.35,
    16.01,
    16.02,
    16.27,
    16.66,
    16.89,
    16.9,
    16.55,
    16.59,
    16.5,
    16.51,
    16.59,
    16.49,
    16.12,
    15.85,
    16.09,
    16.08,
    16.11,
    16.04,
    16.36,
    16.15,
    15.57,
    15.63
    ],
    "inclination": 42.0,
    "di": 2.0,
    "vsys_measured": 778.0,
    "right_vrot_avg_err": -99,
    "vsys_published": 778.0,
    "vsys_measured_err": 4.0,
    "left_vrot_incCorrected_avg_err": 16.0,
    "right_vrot_avg":-99,
    "dist": 10.0,
    "name": "NGC3351",
    "RAdeg":160.99042,
    "DEdeg":11.70381,
    "majDiam":21.35,
    "PA":13.0,
    "Lstar": 1.3,
    "e_Lstar": 0.64,
    "vrot_observed": [
    ],
    "left_vrot_avg_err": -99,
    "dvsys_published": 4.0,
    "right_vrot_incCorrected_avg_err": 16.0,
    "v200": 134.37,
    "c": 24.56,
    "r200": 47.89
}