{
    "xVals": [
        4.285735124190998,
        4.1342957089450705,
        3.9828562949470863,
        3.3770986505203315,
        3.225659242076378,
        3.0742198346060925,
        2.922780428063764,
        2.77134102240368,
        2.6199016175801297,
        2.4684622135474,
        2.317022810259779,
        2.165583407671553,
        2.0141440057370117,
        1.8627046044104418,
        1.7112652036461322,
        1.5598258033983698,
        1.408386403621443,
        1.2569470042696393,
        1.1055076052972463,
        0.9540682066585525,
        0.8026288083078452,
        0.6511894101994125,
        0.4997500122875419,
        0.3483106145265217,
        0.19687121687063935,
        0.04543181927418288,
        -0.10600757830855995,
        -0.2574469759233013,
        -0.40888637361575336,
        -0.5603257714316283,
        -0.7117651694166383,
        -1.014643966076912,
        -1.1660833648436,
        -1.3175227639622715,
        -1.468962163478639,
        -1.6204015634384143,
        -1.7718409638873105,
        -1.9232803648710386,
        -2.0747197664353116,
        -2.226159168625841,
        -2.3775985714883396,
        -2.5290379750685195,
        -2.6804773794120917,
        -2.83191678456477,
        -2.983356190572266,
        -3.134795597480292,
        -3.286235005334559,
        -3.437674414180781,
        -3.5891138240646687,
        -3.740553235031936,
        -3.891992647128293,
        -4.043432060399454,
        -4.194871474891126
    ],
    "centerTrace": 474.0,
    "right_vrot_incCorrected_avg": -22.122487614587047,
    "vrot_vals": [
        -16.30633193393828,
        -19.205608387598886,
        -15.182142274098624,
        -8.305993508271968,
        -13.666290600957154,
        -12.704950845110261,
        -19.904195647633287,
        -20.857587049171116,
        -26.76609219178681,
        -13.812056111142965,
        -4.294678327278916,
        0.8997082882351606,
        -1.729735238978492,
        -12.028792562035505,
        1.3227069168176513,
        -13.03407666789144,
        -21.30886171998918,
        -12.942853313548767,
        -12.913206865381653,
        -7.192721415581445,
        0.2548866206407183,
        4.527218450030887,
        2.658989733576391,
        2.0069505948411006,
        8.321826774186775,
        10.84378479668976,
        6.878652295378288,
        4.739859769242685,
        0.7140182854300292,
        -13.175776640452113,
        -8.771063598808269,
        10.333217229470847,
        13.651472454390614,
        8.831069615643173,
        8.760265309565057,
        7.743743875111704,
        16.734474662330285,
        18.66660997497047,
        16.025426637035252,
        15.699452747836403,
        -3.474673102375391,
        -7.211724377745668,
        5.608651445050782,
        19.69222176868675,
        25.261048962922587,
        17.548906903103898,
        13.99882467599923,
        8.413187169169305,
        3.126846316144565,
        17.61500614885972,
        17.696316900367492,
        21.505954009533298,
        11.590336264056532
    ],
    "vrot_incCorrected_vals": [
        -32.61266386787657,
        -38.41121677519778,
        -30.36428454819725,
        -16.61198701654394,
        -27.332581201914312,
        -25.409901690220526,
        -39.80839129526658,
        -41.71517409834224,
        -53.53218438357363,
        -27.624112222285934,
        -8.589356654557834,
        1.7994165764703214,
        -3.4594704779569843,
        -24.057585124071014,
        2.645413833635303,
        -26.068153335782885,
        -42.61772343997837,
        -25.885706627097537,
        -25.82641373076331,
        -14.385442831162893,
        0.5097732412814368,
        9.054436900061775,
        5.3179794671527825,
        4.013901189682202,
        16.643653548373553,
        21.687569593379525,
        13.757304590756577,
        9.479719538485371,
        1.4280365708600586,
        -26.35155328090423,
        -17.54212719761654,
        20.666434458941698,
        27.30294490878123,
        17.66213923128635,
        17.520530619130117,
        15.48748775022341,
        33.46894932466058,
        37.33321994994095,
        32.05085327407051,
        31.39890549567281,
        -6.949346204750783,
        -14.423448755491338,
        11.217302890101566,
        39.38444353737351,
        50.52209792584518,
        35.0978138062078,
        27.997649351998465,
        16.826374338338614,
        6.253692632289131,
        35.23001229771945,
        35.39263380073499,
        43.0119080190666,
        23.180672528113067
    ],
    "left_vrot_incCorrected_avg": 22.122487614587502,
    "vrot_errs": [
        12.717609532683436,
        12.076365303629801,
        12.695279288706123,
        14.136569513424458,
        12.16317168761485,
        11.99190443428156,
        11.998855349153212,
        12.005918421759304,
        11.99316419685163,
        11.998328473812455,
        11.994383568528674,
        11.988653153014862,
        12.004785233661055,
        11.989786916248725,
        11.99692494510653,
        12.014870992873734,
        11.993812933344499,
        11.998057658858766,
        12.243817611201063,
        12.26577182689997,
        12.278074902322928,
        12.001526045531273,
        11.989900787135033,
        11.989595290437551,
        11.986400530166568,
        11.985935260566121,
        11.98516359502753,
        11.984327580841454,
        11.985573615123899,
        12.020741299286593,
        12.128949714682037,
        12.111859825119303,
        11.995749569549185,
        11.992360778522038,
        11.991229016306434,
        11.990835493813996,
        12.033322158989067,
        12.122573326427432,
        12.604802988183135,
        13.538454711407068,
        12.20638185088955,
        11.997954649456808,
        12.297067954031572,
        13.594880538596023,
        12.71834449180585,
        12.02739836821941,
        11.990486304044131,
        12.052525371858652,
        12.042699770615137,
        12.015215063103057,
        11.994123967852817,
        12.062867156256022,
        14.194263864302679
    ],
    "agn": {
    "H1101-232":{"RAdeg":165.9070833,"DEdeg":-23.49194444}
    },
    "left_vrot_avg": 11.06124380729375,
    "vrot_incCorrected_errs": [
        25.739109039288508,
        24.59527339168247,
        25.654657743054905,
        28.344405965676774,
        24.54983437127846,
        24.179820901413155,
        24.47572558261258,
        24.535937577785337,
        24.844417803178313,
        24.228024930568132,
        24.01124090721279,
        23.978293539972597,
        24.013214379395034,
        24.155382165381113,
        23.99598211988871,
        24.235606296212293,
        24.53493507114272,
        24.199402208786786,
        24.68596693286738,
        24.59313826130295,
        24.556227172239392,
        24.028009338304017,
        23.988422137631837,
        23.984102150861435,
        24.057130911735754,
        24.114889025509516,
        24.027982158358657,
        23.996049774889336,
        23.97176917267275,
        24.251725988779672,
        24.350464998526835,
        24.352279495337765,
        24.217591567218744,
        24.07962010828845,
        24.075852678846374,
        24.054681920500553,
        24.404550707033085,
        24.661839428005607,
        25.505772178663243,
        27.341806218147532,
        24.42722170586425,
        24.059207965713423,
        24.631510928148508,
        27.603681459996228,
        26.160019401195125,
        24.426317857177754,
        24.218763083902058,
        24.19076785643398,
        24.097267559336306,
        24.405107474258486,
        24.367020002433904,
        24.679980496310964,
        28.52657268048921
    ],
    "inclination": 30.0,
    "di": 2.0,
    "vsys_measured": 1203.7,
    "right_vrot_avg_err": 7.7,
    "vsys_published": 1194.0,
    "vsys_measured_err": 12.0,
    "left_vrot_incCorrected_avg_err": 24.0,