{
    "xVals": [
    26.6099,
    25.9044,
    25.1261,
    24.1426,
    23.1549,
    22.1714,
    21.1836,
    20.2001,
    19.2123,
    18.2246,
    17.2411,
    16.2533,
    15.2698,
    14.282,
    13.2985,
    12.3108,
    11.3273,
    10.3609,
    9.356,
    8.3682,
    7.3805,
    6.4654,
    5.6786,
    5.0971,
    4.6053,
    4.0879,
    3.6646,
    3.2284,
    2.8307,
    -2.8307,
    -3.2284,
    -3.6646,
    -4.0879,
    -4.6053,
    -5.0971,
    -5.6786,
    -6.4654,
    -7.3805,
    -8.3682,
    -9.356,
    -10.3609,
    -11.3273,
    -12.3108,
    -13.2985,
    -14.282,
    -15.2698,
    -16.2533,
    -17.2411,
    -18.2246,
    -19.2123,
    -20.2001,
    -21.1836,
    -22.1714,
    -23.1549,
    -24.1426,
    -25.1261,
    -25.9044,
    -26.6099
    ],
    "centerTrace": 513.0,
    "right_vrot_incCorrected_avg": 162.0,
    "vrot_vals": [
    ],
    "vrot_incCorrected_vals": [
    167.394,
    167.997,
    168.482,
    169.175,
    168.828,
    167.585,
    165.221,
    162.776,
    160.249,
    158.13,
    155.725,
    153.565,
    151.486,
    149.075,
    147.166,
    150.549,
    155.305,
    158.961,
    161.431,
    162.467,
    163.215,
    154.597,
    143.471,
    133.267,
    124.856,
    115.424,
    106.367,
    96.78,
    89.024,
    -89.024,
    -96.78,
    -106.367,
    -115.424,
    -124.856,
    -133.267,
    -143.471,
    -154.597,
    -163.215,
    -162.467,
    -161.431,
    -158.961,
    -155.305,
    -150.549,
    -147.166,
    -149.075,
    -151.486,
    -153.565,
    -155.725,
    -158.13,
    -160.249,
    -162.776,
    -165.221,
    -167.585,
    -168.828,
    -169.175,
    -168.482,
    -167.997,
    -167.394
    ],
    "left_vrot_incCorrected_avg": -162.0,
    "vrot_errs": [
    ],
    "agn": {
        "CSO1208":{"RAdeg":175.1995833,"DEdeg":46.36805556},
        "RX_J1142.7+4625":{"RAdeg":175.6716667,"DEdeg":46.41}
    },
    "left_vrot_avg": -99,
    "vrot_incCorrected_errs": [
    8.64,
    8.66,
    8.68,
    8.71,
    8.7,
    8.65,
    8.55,
    8.44,
    8.34,
    8.25,
    8.15,
    8.06,
    7.98,
    7.88,
    7.8,
    7.94,
    8.14,
    8.29,
    8.39,
    8.43,
    8.46,
    8.11,
    7.65,
    7.24,
    6.91,
    6.55,
    6.21,
    5.86,
    5.59,
    5.59,
    5.86,
    6.21,
    6.55,
    6.91,
    7.24,
    7.65,
    8.11,
    8.46,
    8.43,
    8.39,
    8.29,
    8.14,
    7.94,
    7.8,
    7.88,
    7.98,
    8.06,
    8.15,
    8.25,
    8.34,
    8.44,
    8.55,
    8.65,
    8.7,
    8.71,
    8.68,
    8.66,
    8.64
    ],
    "inclination": 53.0,
    "di": 3.0,
    "vsys_measured": 866.0,
    "right_vrot_avg_err": -99,
    "vsys_published": 866.0,
    "vsys_measured_err": 1.0,
    "left_vrot_incCorrected_avg_err": 10.0,
    "right_vrot_avg":-99,
    "dist": 14.7,
    "name": "NGC3726",
    "RAdeg": 173.33801,
    "DEdeg": 47.02921,
    "majDiam": 31.4,
    "PA": 25.0,
    "Lstar": 1.5,
    "e_Lstar": 1.4,
    "vrot_observed": [
    ],
    "left_vrot_avg_err": -99,
    "dvsys_published": 1.0,
    "right_vrot_incCorrected_avg_err": 10.0,
    "v200": 138.34,
    "c": 9.59,
    "r200": 114.31
}