{
    "xVals": [
    17.4182,
    16.7399,
    16.1444,
    15.1192,
    12.9083,
    11.6294,
    10.6922,
    9.4133,
    7.9635,
    6.7726,
    4.6393,
    2.8478,
    1.398,
    -1.0822,
    -1.5948,
    -2.1074,
    -3.8109,
    -5.8561,
    -7.6476,
    -9.7757,
    -11.3083,
    -12.7581,
    -15.3988,
    -16.9314
    ],
    "centerTrace": 513.0,
    "right_vrot_incCorrected_avg": -131.8,
    "vrot_vals": [
    ],
    "vrot_incCorrected_vals": [
    -130.3970684,
    -129.3481856,
    -129.3964219,
    -129.4774999,
    -127.4474704,
    -120.9283867,
    -116.5891729,
    -111.1733662,
    -100.2534905,
    -84.89998101,
    -62.99865135,
    -46.58907497,
    -22.42679736,
    34.75989383,
    57.89381472,
    76.61360165,
    95.23691599,
    110.5237157,
    119.2093273,
    121.2455147,
    124.4342415,
    127.6291262,
    131.8318416,
    131.7097114
    ],
    "left_vrot_incCorrected_avg": 131.8,
    "vrot_errs": [
    ],
    "agn": {
        "SDSSJ112439.50+113117.0":{"RAdeg": 171.1641667,"DEdeg": 11.52138889},
        "SDSSJ112632.90+120437.0":{"RAdeg": 171.6370833,"DEdeg": 12.07694444},
        "SDSSJ112756.70+115427.0":{"RAdeg": 171.9866667,"DEdeg": 11.9075}
    },
    "left_vrot_avg": -99,
    "vrot_incCorrected_errs": [
    ],
    "inclination": 78.0,
    "di": 2.0,
    "vsys_measured": 1063.0,
    "right_vrot_avg_err": -99,
    "vsys_published": 1060.0,
    "vsys_measured_err": 2.0,
    "left_vrot_incCorrected_avg_err": 10.0,
    "right_vrot_avg":-99,
    "dist": 17.8,
    "name": "NGC3666",
    "RAdeg": 171.10862,
    "DEdeg": 11.34222,
    "majDiam": 14.11,
    "PA": 100.0,
    "Lstar": 0.61,
    "e_Lstar": 0.54,
    "vrot_observed": [
    ],
    "left_vrot_avg_err": -99,
    "dvsys_published": 1.0,
    "right_vrot_incCorrected_avg_err": 10.0,
    "v200": 101.04,
    "c": 20.39,
    "r200": 49.06
}