{
    "xVals": [
        4.285735124190998,
        4.1342957089450705,
        3.9828562949470863,
        3.3770986505203315,
        3.225659242076378,
        3.0742198346060925,
        2.922780428063764,
        2.77134102240368,
        2.6199016175801297,
        2.4684622135474,
        2.317022810259779,
        2.165583407671553,
        2.0141440057370117,
        1.8627046044104418,
        1.7112652036461322,
        1.5598258033983698,
        1.408386403621443,
        1.2569470042696393,
        1.1055076052972463,
        0.9540682066585525,
        0.8026288083078452,
        0.6511894101994125,
        0.4997500122875419,
        0.3483106145265217,
        0.19687121687063935,
        0.04543181927418288,
        -0.10600757830855995,
        -0.2574469759233013,
        -0.40888637361575336,
        -0.5603257714316283,
        -0.7117651694166383,
        -1.014643966076912,
        -1.1660833648436,
        -1.3175227639622715,
        -1.468962163478639,
        -1.6204015634384143,
        -1.7718409638873105,
        -1.9232803648710386,
        -2.0747197664353116,
        -2.226159168625841,
        -2.3775985714883396,
        -2.5290379750685195,
        -2.6804773794120917,
        -2.83191678456477,
        -2.983356190572266,
        -3.134795597480292,
        -3.286235005334559,
        -3.437674414180781,
        -3.5891138240646687,
        -3.740553235031936,
        -3.891992647128293,
        -4.043432060399454,
        -4.194871474891126
    ],
    "centerTrace": 474.0,
    "right_vrot_incCorrected_avg": -19.780729938880867,
    "vrot_vals": [
        -16.30633193393828,
        -19.205608387598886,
        -15.182142274098624,
        -8.305993508271968,
        -13.666290600957154,
        -12.704950845110261,
        -19.904195647633287,
        -20.857587049171116,
        -26.76609219178681,
        -13.812056111142965,
        -4.294678327278916,
        0.8997082882351606,
        -1.729735238978492,
        -12.028792562035505,
        1.3227069168176513,
        -13.03407666789144,
        -21.30886171998918,
        -12.942853313548767,
        -12.913206865381653,
        -7.192721415581445,
        0.2548866206407183,
        4.527218450030887,
        2.658989733576391,
        2.0069505948411006,
        8.321826774186775,
        10.84378479668976,
        6.878652295378288,
        4.739859769242685,
        0.7140182854300292,
        -13.175776640452113,
        -8.771063598808269,
        10.333217229470847,
        13.651472454390614,
        8.831069615643173,
        8.760265309565057,
        7.743743875111704,
        16.734474662330285,
        18.66660997497047,
        16.025426637035252,
        15.699452747836403,
        -3.474673102375391,
        -7.211724377745668,
        5.608651445050782,
        19.69222176868675,
        25.261048962922587,
        17.548906903103898,
        13.99882467599923,
        8.413187169169305,
        3.126846316144565,
        17.61500614885972,
        17.696316900367492,
        21.505954009533298,
        11.590336264056532
    ],
    "vrot_incCorrected_vals": [
        -29.160477239123825,
        -34.34522911216378,
        -27.150098257448377,
        -14.853538835559418,
        -24.43931336777431,
        -22.720157509607766,
        -35.5945068760597,
        -37.299448758584326,
        -47.86557916893705,
        -24.699984612493417,
        -7.680137391986027,
        1.6089408192609995,
        -3.093271084526522,
        -21.510989297926184,
        2.3653857347044216,
        -23.308730470277318,
        -38.106459484251864,
        -23.14559650742393,
        -23.09258001171537,
        -12.86268364805477,
        0.45581161538122456,
        8.095986951786701,
        4.755049137914338,
        3.589012990659475,
        14.881853332786644,
        19.39184980600712,
        12.3010364628816,
        8.476251647372061,
        1.2768729377614172,
        -23.562131348008744,
        -15.685219795116927,
        18.478806088803324,
        24.412814200001314,
        15.79252805397083,
        15.665909304629317,
        13.848072511379435,
        29.92612130530322,
        33.38134275151254,
        28.658136642239402,
        28.075200258076396,
        -6.213728895358132,
        -12.896666486617772,
        10.029904546784342,
        35.21543575832756,
        45.17412292991317,
        31.382563680946166,
        25.033981277503017,
        15.04523236427199,
        5.5917131579051595,
        31.500768410200713,
        31.64617574817496,
        38.45891797991735,
        20.726901561373012
    ],
    "left_vrot_incCorrected_avg": 19.780729938881272,
    "vrot_errs": [
        12.717609532683436,
        12.076365303629801,
        12.695279288706123,
        14.136569513424458,
        12.16317168761485,
        11.99190443428156,
        11.998855349153212,
        12.005918421759304,
        11.99316419685163,
        11.998328473812455,
        11.994383568528674,
        11.988653153014862,
        12.004785233661055,
        11.989786916248725,
        11.99692494510653,
        12.014870992873734,
        11.993812933344499,
        11.998057658858766,
        12.243817611201063,
        12.26577182689997,
        12.278074902322928,
        12.001526045531273,
        11.989900787135033,
        11.989595290437551,
        11.986400530166568,
        11.985935260566121,
        11.98516359502753,
        11.984327580841454,
        11.985573615123899,
        12.020741299286593,
        12.128949714682037,
        12.111859825119303,
        11.995749569549185,
        11.992360778522038,
        11.991229016306434,
        11.990835493813996,
        12.033322158989067,
        12.122573326427432,
        12.604802988183135,
        13.538454711407068,
        12.20638185088955,
        11.997954649456808,
        12.297067954031572,
        13.594880538596023,
        12.71834449180585,
        12.02739836821941,
        11.990486304044131,
        12.052525371858652,
        12.042699770615137,
        12.015215063103057,
        11.994123967852817,
        12.062867156256022,
        14.194263864302679
    ],
    "agn": {
    "H1101-232":{"RAdeg":165.9070833,"DEdeg":-23.49194444}
    },
    "left_vrot_avg": 11.06124380729375,
    "vrot_incCorrected_errs": [
        23.72241554071618,
        23.011596127931472,
        23.55585557780185,
        25.512824463735882,
        22.47423705387365,
        22.07988752841716,
        22.98353807421376,
        23.13953173153447,
        24.137703805508814,
        22.2045012144391,
        21.522931906302478,
        21.442439835948164,
        21.479983038542006,
        22.011272093470097,
        21.46097967888714,
        22.152536000015296,
        23.1897886719831,
        22.11420447776127,
        22.537954815912524,
        22.135738258940993,
        21.957032085321128,
        21.543813132746845,
        21.46964517524226,
        21.45696666463999,
        21.709955960482638,
        21.898878214505157,
        21.621101323179733,
        21.52101270786191,
        21.435737058363387,
        22.17705699199708,
        21.991593254592367,
        22.077459964103486,
        22.183034409134194,
        21.754874564858152,
        21.747977841724932,
        21.68115295556673,
        22.605555696244952,
        23.013366255140163,
        23.496022724874916,
        25.066939276135063,
        21.875861434137107,
        21.662328385849086,
        22.112844104033158,
        25.64056038049173,
        25.03064282862389,
        22.70099470799862,
        22.210975647879803,
        21.832712723752447,
        21.574683672044568,
        22.689123050380577,
        22.66425403492679,
        23.335025357063117,
        25.832497501568962
    ],
    "RAdeg":165.942,
    "DEdeg":-23.2455,
    "majDiam":22.07,
    "PA":120.0,
    "inclination": 30.0,
    "di": 7.0,
    "vsys_measured": 1203.7,
    "right_vrot_avg_err": 7.7,
    "vsys_published": 1194.0,