{
    "xVals": [
    5.268678445,
    5.257865724,
    4.99259364,
    4.963038869,
    4.726600707,
    4.716600707,
    4.473583039,
    4.469257951,
    4.211915194,
    4.201915194,
    3.954572438,
    3.945922261,
    3.705159011,
    3.684254417,
    3.435561837,
    3.434840989,
    3.179660777,
    3.169660777,
    2.949710247,
    2.915830389,
    2.816353357,
    2.796169611,
    2.669300353,
    2.623166078,
    2.579915194,
    2.475392226,
    2.398982332,
    2.384565371,
    2.320409894,
    2.279321555,
    2.184890459,
    2.127943463,
    2.004678445,
    2.001074205,
    1.900876325,
    1.867717314,
    1.747335689,
    1.743010601,
    1.622628975,
    1.613978799,
    1.500805654,
    1.481342756,
    1.373936396,
    1.217512367,
    1.209583039,
    1.193724382,
    1.098572438,
    1.095689046,
    0.932777385,
    0.854925795,
    0.837625442,
    0.754727915,
    0.711477032,
    0.603349823,
    0.588932862,
    0.467109541,
    0.454134276,
    0.336636042,
    0.317173145,
    0.197512367,
    0.180932862,
    0.084339223,
    -0.084339223,
    -0.180932862,
    -0.197512367,
    -0.317173145,
    -0.336636042,
    -0.454134276,
    -0.467109541,
    -0.588932862,
    -0.603349823,
    -0.711477032,
    -0.754727915,
    -0.837625442,
    -0.854925795,
    -0.932777385,
    -1.095689046,
    -1.098572438,
    -1.193724382,
    -1.209583039,
    -1.217512367,
    -1.373936396,
    -1.481342756,
    -1.500805654,
    -1.613978799,
    -1.622628975,
    -1.743010601,
    -1.747335689,
    -1.867717314,
    -1.900876325,
    -2.001074205,
    -2.004678445,
    -2.127943463,
    -2.184890459,
    -2.279321555,
    -2.320409894,
    -2.384565371,
    -2.398982332,
    -2.475392226,
    -2.579915194,
    -2.623166078,
    -2.669300353,
    -2.796169611,
    -2.816353357,
    -2.915830389,
    -2.949710247,
    -3.169660777,
    -3.179660777,
    -3.434840989,
    -3.435561837,
    -3.684254417,
    -3.705159011,
    -3.945922261,
    -3.954572438,
    -4.201915194,
    -4.211915194,
    -4.469257951,
    -4.473583039,
    -4.716600707,
    -4.726600707,
    -4.963038869,
    -4.99259364,
    -5.257865724,
    -5.268678445
    ],
    "centerTrace": 513.0,
    "right_vrot_incCorrected_avg": 143.0,
    "vrot_vals": [
    ],
    "vrot_incCorrected_vals": [
    145.225,
    150.15,
    147.643,
    151.58,
    150.879,
    145.591,
    146.064,
    138.242,
    144.499,
    137.637,
    138.171,
    146.312,
    132.106,
    139.594,
    131.532,
    137.881,
    130.672,
    126.265,
    125.618,
    129.189,
    128.439,
    119.523,
    128.28,
    129.78,
    127.603,
    128.3,
    134.11,
    126.124,
    126.204,
    135.133,
    129.624,
    128.545,
    126.376,
    130.156,
    122.308,
    127.495,
    124.569,
    130.568,
    114.844,
    120.285,
    119.911,
    125.551,
    118.657,
    116.006,
    105.456,
    113.546,
    108.376,
    111.926,
    98.952,
    95.513,
    102.391,
    85.151,
    84.166,
    74.214,
    87.054,
    60.615,
    71.471,
    51.387,
    45.072,
    29.827,
    50.732,
    15.98,
    -15.98,
    -50.732,
    -29.827,
    -45.072,
    -51.387,
    -71.471,
    -60.615,
    -87.054,
    -74.214,
    -84.166,
    -85.151,
    -102.391,
    -95.513,
    -98.952,
    -111.926,
    -108.376,
    -113.546,
    -105.456,
    -116.006,
    -118.657,
    -125.551,
    -119.911,
    -120.285,
    -114.844,
    -130.568,
    -124.569,
    -127.495,
    -122.308,
    -130.156,
    -126.376,
    -128.545,
    -129.624,
    -135.133,
    -126.204,
    -126.124,
    -134.11,
    -128.3,
    -127.603,
    -129.78,
    -128.28,
    -119.523,
    -128.439,
    -129.189,
    -125.618,
    -130.672,
    -126.265,
    -137.881,
    -131.532,
    -139.594,
    -132.106,
    -146.312,
    -138.171,
    -144.499,
    -137.637,
    -138.242,
    -146.064,
    -150.879,
    -145.591,
    -151.58,
    -147.643,
    -150.15,
    -145.225
    ],
    "left_vrot_incCorrected_avg": -143.0,
    "vrot_errs": [
    ],
    "agn": {
        "3C232":{"RAdeg":149.5870833,"DEdeg":32.40055556},
        "SDSSJ095914.80+320357.0":{"RAdeg":149.8116667,"DEdeg":32.06583333},
        "RX_J1002.9+3240":{"RAdeg":150.7270833,"DEdeg":32.6775}
    },
    "left_vrot_avg": -99,
    "vrot_incCorrected_errs": [
    8.72,
    8.81,
    8.76,
    8.83,
    8.82,
    8.73,
    8.74,
    8.61,
    8.71,
    8.6,
    8.61,
    8.74,
    8.51,
    8.63,
    8.5,
    8.6,
    8.49,
    8.42,
    8.41,
    8.47,
    8.45,
    8.32,
    8.45,
    8.47,
    8.44,
    8.45,
    8.54,
    8.42,
    8.42,
    8.56,
    8.47,
    8.46,
    8.42,
    8.48,
    8.36,
    8.44,
    8.4,
    8.49,
    8.25,
    8.33,
    8.33,
    8.41,
    8.31,
    8.27,
    8.13,
    8.24,
    8.17,
    8.21,
    8.04,
    8.0,
    8.09,
    7.88,
    7.87,
    7.77,
    7.9,
    7.65,
    7.74,
    7.58,
    7.54,
    7.46,
    7.58,
    7.42,
    7.42,
    7.58,
    7.46,
    7.54,
    7.58,
    7.74,
    7.65,
    7.9,
    7.77,
    7.87,
    7.88,
    8.09,
    8.0,
    8.04,
    8.21,
    8.17,
    8.24,
    8.13,
    8.27,
    8.31,
    8.41,
    8.33,
    8.33,
    8.25,
    8.49,
    8.4,
    8.44,
    8.36,
    8.48,
    8.42,
    8.46,
    8.47,
    8.56,
    8.42,
    8.42,
    8.54,
    8.45,
    8.44,
    8.47,
    8.45,
    8.32,
    8.45,
    8.47,
    8.41,
    8.49,
    8.42,
    8.6,
    8.5,
    8.63,
    8.51,
    8.74,
    8.61,
    8.71,
    8.6,
    8.61,
    8.74,
    8.82,
    8.73,
    8.83,
    8.76,
    8.81,
    8.72
    ],
    "inclination": 71.0,
    "di": 5.0,
    "vsys_measured": 1465.0,
    "right_vrot_avg_err": -99,
    "vsys_published": 1476.0,
    "vsys_measured_err": 5.0,
    "left_vrot_incCorrected_avg_err": 9.0,
    "right_vrot_avg":-99,
    "dist": 20.4,
    "name": "NGC3067",
    "RAdeg": 149.58783,
    "DEdeg": 32.36989,
    "majDiam": 15.54,
    "PA": 105.0,
    "Lstar": 0.5,
    "e_Lstar": 0.31,
    "vrot_observed": [
    ],
    "left_vrot_avg_err": -99,
    "dvsys_published": 4.0,
    "right_vrot_incCorrected_avg_err": 9.0,
    "v200": 105.52,
    "c": 18.55,
    "r200": 69.52
}