{
    "centerTrace": 523.0,
    "vrot_vals": [
        149.97020049011326,
        151.818192879045,
        154.65534426410431,
        146.82859058883787,
        145.61884191905665,
        136.51400199864747,
        126.85967498271384,
        111.70193481536808,
        110.81642418730326,
        32.98193570676494,
        -71.80386928501048,
        -89.27247928218776,
        -148.29535995970627,
        -158.73045291085646,
        -157.1793818055512,
        -149.08695210180076,
        -151.69931123507467,
        -141.37558660531886,
        -157.41436074138483,
        -156.18784743911147
    ],
    "vrot_errs": [
        6.679774196781203,
        6.66784139598286,
        6.701074055452625,
        6.671833149591966,
        6.6707788309500335,
        6.6668351418739675,
        6.67903274675298,
        6.676158045597754,
        6.945030938846918,
        32.97061001418241,
        6.966248322446765,
        6.668763196286889,
        6.678384187910348,
        6.627782261284683,
        6.628917623104394,
        6.633229377261726,
        6.704848480285841,
        7.180709062859198,
        7.858204236445184,
        11.844528397847384
    ],
    "left_vrot_avg": -149.43558694419198,
    "right_vrot_avg": 149.43558694419198,
    "left_vrot_corrected_avg": -157.12587462869107,
    "vrot_corrected_errs": [
        11.736181415487865,
        11.821763200226,
        11.985956601110503,
        11.573916799702237,
        11.513006833193966,
        11.063174158241221,
        10.610323048402758,
        9.915770410799713,
        10.079532861295737,
        34.72896748753425,
        8.597577899765051,
        8.971863085211323,
        11.651343403857988,
        12.149200936336635,
        12.070361820480263,
        11.662529520077252,
        11.838892762513526,
        11.643513763997845,
        12.871408766911166,
        15.842807616961737
    ],
    "left_vrot_corrected_avg_err": 11.312909644841087,
    "right_vrot_avg_err": 3.3,
    "vsys_published": 2600.0,
    "left_vrot_avg_err": 5.7,
    "name": "NGC3633",
    "RAdeg":170.10924,
    "DEdeg":3.58561,
    "majDiam":18.14,
    "PA":70.0,
    "inclination": 72.0,
    "di": 2.0,
    "agn": {
    "SDSSJ112005.00+041323.0":{"RAdeg":170.020833333, "DEdeg":4.22305555556},
    "SDSSJ112224.10+031802.0":{"RAdeg":170.600416667,"DEdeg":3.30055555556},
    "RX_J1121.2+0326":{"RAdeg":170.309166667,"DEdeg":3.42944444444}
    },
    "vsys_err": 6.613691497052873,
    "vsys": 2587.155231051286,
    "right_vrot_corrected_avg_err": 11.311040718690085,
    "observed_vals": [
        2737.1254315413994,
        2738.973423930331,
        2741.8105753153905,
        2733.983821640124,
        2732.774072970343,
        2723.6692330499336,
        2714.014906034,
        2698.857165866654,
        2697.9716552385894,
        2620.137166758051,
        2515.3513617662757,
        2497.8827517690984,
        2438.85987109158,
        2428.4247781404297,
        2429.975849245735,
        2438.0682789494854,
        2435.4559198162115,
        2445.7796444459673,
        2429.7408703099013,
        2430.9673836121747
    ],
    "vrot_corrected_vals": [
        157.68800057679337,
        159.63109476443492,
        162.61425227027007,
        154.38471644230938,
        153.11271141521195,
        143.53931618116513,
        133.38815602346796,
        117.45036483268485,
        116.5192838581132,
        34.67925947791859,
        -75.49905610733092,
        -93.86663962931378,
        -155.92696902744723,
        -166.89907507199666,
        -165.2681823976607,
        -156.75929826186345,
        -159.50609520664477,
        -148.65108874501834,
        -165.51525387218146,
        -164.2256214673153
    ],
    "dvsys_published": 2.0,
    "right_vrot_corrected_avg": 157.12587462869107,
    "dist": 41.725
}