{
    "xVals": [
        31.18900456363058,
        30.267615543967686,
        28.424837613165284,
        21.975115878040828,
        21.053727173768745,
        20.132338494917054,
        19.210949840373242,
        18.289561209024836,
        17.368172599759344,
        14.604006893335432,
        13.682618361276687,
        12.7612298457384,
        11.839841345608095,
        10.918452859773268,
        9.997064387121439,
        8.154287476916803,
        7.232899037139023,
        6.31151060609428,
        5.390122182670085,
        4.468733765753952,
        3.54734535423339,
        2.6259569469959096,
        1.7045685429290225,
        0.78318014092024,
        -0.13820826014292675,
        -1.059596661372967,
        -1.9809850638823692,
        -3.8237618771892166,
        -4.7451502902116385,
        -5.666538708963379,
        -6.587927134556927,
        -7.509315568104769,
        -8.430704010719397,
        -9.352092463513301,
        -10.273480927598964,
        -11.194869404088882,
        -12.116257894095542,
        -13.037646398731436,
        -13.959034919109042,
        -17.644589180286477,
        -18.565977796060036,
        -22.251532494445744,
        -25.937087622697366,
        -26.858476480270497
    ],
    "centerTrace": 513.5,
    "right_vrot_incCorrected_avg": 234.0,
    "vrot_vals": [
        237.80439158273975,
        222.9922221093516,
        193.44398637157065,
        211.8819758394411,
        199.62963327224543,
        190.00847007974517,
        186.32577823934298,
        181.85766108357075,
        252.94810792945646,
        233.49190685975282,
        228.21730581751626,
        194.71914908410918,
        197.01357404296368,
        169.6144088757037,
        227.41347138251012,
        232.7723980693304,
        226.07622928160572,
        216.63550286909594,
        215.81444699964322,
        216.97038439681592,
        205.9844339442102,
        207.04485404850402,
        126.05550840939804,
        85.71861499196484,
        58.94545125087734,
        -146.77531808536105,
        -170.7574217606666,
        -193.64320069644918,
        -212.03861622030809,
        -166.40409894115055,
        -219.51189652747644,
        -212.67654017807672,
        -132.12567875458444,
        -195.2398606388415,
        -189.33149253679903,
        -196.69664781655956,
        -204.22620612705305,
        -207.14813995865052,
        -218.1661579098377,
        -205.84154927022792,
        -191.6867178385587,
        -171.60086092684378,
        -182.0159916316843,
        -266.14607924825805
    ],
    "vrot_incCorrected_vals": [
        271.8946184742654,
        254.95906425283803,
        221.1749687235664,
        242.2561189850615,
        228.2473532698809,
        217.24695719606265,
        213.03633649961495,
        207.92769657382817,
        289.20924816200363,
        266.96392152359675,
        260.93318496554673,
        222.6329311981477,
        225.25627130828406,
        193.9293243579644,
        260.0141175943858,
        266.14126822119664,
        258.4851763985853,
        247.69108345116314,
        246.75232588287312,
        248.0739716081374,
        235.51314046869592,
        236.7255761085949,
        144.12607831772476,
        98.00672714352996,
        67.3955214703191,
        -167.81615699629805,
        -195.23619278961834,
        -221.40274123229491,
        -242.435214401719,
        -190.2588034351589,
        -250.9798198412775,
        -243.1645873538276,
        -151.06643227457764,
        -223.22828887243952,
        -216.47293216847632,
        -224.89391241810918,
        -233.50286354170126,
        -236.8436684741149,
        -249.44116411850604,
        -235.34977269546152,
        -219.1657885980014,
        -196.2005423912707,
        -208.10872445008243,
        -304.2992023570309
    ],
    "left_vrot_incCorrected_avg": -234.0,
    "vrot_errs": [
        33.813109669410835,
        33.497557405527,
        34.52240292316585,
        33.26027499356748,
        33.247196559556116,
        33.33312770420731,
        33.247183263014584,
        33.419796255693285,
        33.477366724547636,
        33.26684035061736,
        33.2710516623443,
        33.88339768734196,
        33.27481515019692,
        33.567429632342375,
        33.35025337395848,
        33.36373867525161,
        33.24911078626037,
        33.33614029614701,
        33.24854537182543,
        33.28968105332871,
        33.35967074526081,
        33.438082596183406,
        33.94238573074017,
        54.10424506356327,
        49.525692921320854,
        55.94249061579351,
        74.82235852060452,
        71.89456021475469,
        50.78106616437858,
        116.28745128337196,
        43.65121269258929,
        33.47022368292216,
        116.80847441817735,
        33.584755199884356,
        33.53550117678972,
        33.260206357679905,
        33.24288490672252,
        33.29388689420354,
        33.28333447362172,
        33.2413032084276,
        33.294133128469674,
        34.711464125979596,
        33.3756219828812,
        33.60983473931507
    ],
    "agn": {"PG1302-102":{"RAdeg":196.3875,"DEdeg":-10.55555556}
    },
    "left_vrot_avg": -204.0,
    "vrot_incCorrected_errs": [
        40.488855661732444,
        39.926354271884925,
        40.666350229761875,
        39.51001565378521,
        39.33193238071086,
        39.30504235417275,
        39.16451348766634,
        39.30257532246564,
        40.35880131577564,
        39.82766857009221,
        39.75395614247912,
        39.97344515091908,
        39.3287063117207,
        39.3269378653034,
        39.82885261704749,
        39.92273535237673,
        39.69861220005444,
        39.659287119911134,
        39.55155896606106,
        39.61292966522937,
        39.53973756958994,
        39.64036837356112,
        39.32860379838824,
        62.01211061306772,
        56.70386460365856,
        64.39160999153714,
        85.98347461531657,
        82.78259297173899,
        59.04329991306561,
        133.22395709401508,
        51.12927734148447,
        39.75197248750435,
        133.7205993611621,
        39.64916405641966,
        39.52112773094686,
        39.308487150306625,
        39.38752196693227,
        39.48277143836627,
        39.622764577251374,
        39.40729148732571,
        39.28268478563317,
        40.62581811797303,
        39.25535147605321,
        40.71834082325925
    ],
    "inclination": 61.0,
    "di": 4.0,
    "vsys_measured": 3092.8,
    "right_vrot_avg_err": 22.4,
    "vsys_published": 3110.0,
    "vsys_measured_err": 33.2,
    "left_vrot_incCorrected_avg_err": 39.0,
    "right_vrot_avg": 204.0,
    "dist": 37.5,
    "name": "NGC4939",
    "RAdeg":196.05996,
    "DEdeg":-10.33961,
    "majDiam":41.85,
    "PA":5.0,
    "Lstar": 5.5,
    "e_Lstar": 6.5,