{
    "xVals": [
        13.271067777655828,
        12.904969170523367,
        9.61008235445667,
        8.511786973872962,
        1.9220162150394269,
        1.5559178853907638,
        1.189819557620724,
        0.8237212312872781,
        0.4576229059483973,
        0.09152458116205266,
        -0.2745737435137848,
        -0.6406720685211438,
        -1.0067703943020536,
        -1.3728687212985429,
        -1.7389670499526402,
        -2.1050653807063755,
        -2.8372620502808736,
        -3.2033603899856957,
        -3.5694587335582697,
        -3.935557081440625,
        -4.301655434074795,
        -4.667753791902802,
        -5.033852155366681,
        -5.399950524908456,
        -5.76604890097016,
        -6.132147283993822,
        -6.498245674421469,
        -7.596540894548619,
        -8.32873775309052,
        -8.694836197224701,
        -9.060934651857066,
        -10.89142709796283,
        -11.257525624866972,
        -13.45411708720327,
        -13.820215718536842,
        -14.186314366557022,
        -14.552413031705845,
        -14.918511714425344,
        -15.284610415157536,
        -15.650709134344467,
        -16.016807872428167,
        -16.382906629850652
    ],
    "centerTrace": 507.5,
    "right_vrot_incCorrected_avg": 147.55290372169773,
    "vrot_vals": [
        148.39841737358734,
        143.51817347621295,
        115.878136627608,
        47.63717482016409,
        167.00807302363364,
        191.15439700879688,
        176.71881508339902,
        160.04229971043992,
        135.4460714602567,
        73.56370178119005,
        -76.66654518806376,
        -115.36635168836119,
        -133.42962649636365,
        -138.39917517992308,
        -147.01176529234544,
        -159.64160901144123,
        -142.12841514149113,
        -159.55417711351083,
        -154.29451349587953,
        -163.33914691604468,
        -147.485697341167,
        -134.07504200655285,
        -133.6492568858721,
        -142.92827539927612,
        -130.58653668562374,
        -119.5574641266478,
        -126.76488568452373,
        -124.31925927199336,
        -131.7316935561539,
        -142.70467083261315,
        -141.69262605757126,
        -134.84680894291068,
        -128.84424827368525,
        -124.44492549529627,
        -131.196275961561,
        -105.91735716016092,
        -123.35778247557346,
        -125.42211627972506,
        -124.2490944886788,
        -136.6637387975752,
        -122.22048259894791,
        -132.9736924453921
    ],
    "vrot_incCorrected_vals": [
        169.67193417005385,
        164.0920874577769,
        132.48973889075597,
        54.46615761262711,
        190.949359659256,
        218.55715741187953,
        202.0521760953573,
        182.98501440573256,
        154.8628167815449,
        84.10935767934345,
        -87.65700631056642,
        -131.90458749859184,
        -152.5573062294351,
        -158.2392599322773,
        -168.08649987224092,
        -182.5268830650734,
        -162.50310161241185,
        -182.4269174489128,
        -176.41325965604875,
        -186.75447806941756,
        -168.6283720081566,
        -153.29524467847847,
        -152.80842152870818,
        -163.41762509188052,
        -149.30664792899645,
        -136.6965129538213,
        -144.9371477108966,
        -142.14093080363156,
        -150.6159676952702,
        -163.16196590099136,
        -162.0048403905773,
        -154.17764754461334,
        -147.31459538579804,
        -142.28461179123923,
        -150.00379581048145,
        -121.1010411674613,
        -141.04162239727907,
        -143.4018868497042,
        -142.0607076132074,
        -156.2550416849845,
        -139.74128595694742,
        -152.0360121775748
    ],
    "left_vrot_incCorrected_avg": -147.55290372169748,
    "vrot_errs": [
        32.91429581257818,
        33.07135229079622,
        32.92342641213494,
        33.22236143723366,
        33.00838114238102,
        33.01316974758936,
        32.971857505856995,
        32.916619469160686,
        32.91698286339169,
        32.92763787352113,
        32.9491024413651,
        32.90983665553925,
        32.9096430287049,
        32.909685703974354,
        33.013393353816134,
        33.01843934619954,
        35.304050175331945,
        32.914971662357225,
        32.922223015000355,
        32.91230921364336,
        32.921615664608524,
        33.143045326892924,
        33.267607655965385,
        33.11475130248646,
        33.5873097454325,
        35.2629450556565,
        34.09946585546946,
        33.28088946614573,
        33.90886660788932,
        32.91695790231737,
        32.94511956595492,
        32.95279814006674,
        32.932733839289014,
        34.35064654266211,
        33.726018823259245,
        33.45009678028551,
        33.067142376343895,
        32.91274657730875,
        32.910760384672436,
        32.96541463323792,
        34.02022210337331,
        34.48255682432697
    ],
    "agn": {
        "3C273.0":{"RAdeg":187.277916667,"DEdeg":2.05222222222},
        "HE1228+0131":{"RAdeg":187.708333333,"DEdeg":1.25583333333},
        "LBQS1230-0015":{"RAdeg":188.267083333,"DEdeg":-0.526111111111}
    },
    "left_vrot_avg": -129.0526774406385,
    "vrot_incCorrected_errs": [
        39.28137597382265,
        39.34934581173414,
        38.65649576175336,
        38.15653697376404,
        39.45483439713102,
        39.81640412122173,
        40.392831633067054,
        39.54665460574554,
        39.025700031700715,
        38.08382227820923,
        38.07467743101044,
        38.63070876462216,
        38.96581309670686,
        39.065544599172824,
        39.35998538946576,
        39.64776547579464,
        41.78101650640064,
        39.53310664421901,
        39.4206214040413,
        39.619120401672845,
        39.269599332536714,
        39.23624032383379,
        39.36546905343362,
        39.384680000603396,
        39.66006907363764,
        41.32615179222371,
        40.1568868421374,
        39.20378303008091,
        40.037774168350445,
        39.16263044453086,
        39.17242622577624,
        39.041509291169945,
        38.902405742537056,
        40.39425539773604,
        39.825193362094645,
        39.08070108391882,
        38.94902094267269,
        38.81580035939666,
        38.79186843083659,
        39.09177958334872,
        39.98754300270794,
        40.69652769129703
    ],
    "inclination": 61.0,
    "di": 6.0,
    "vsys_measured": 1866.9,
    "right_vrot_avg_err": 31.8,
    "vsys_published": 1808.0,
    "vsys_measured_err": 32.9,
    "left_vrot_incCorrected_avg_err": 38.6,
    "right_vrot_avg": 129.05267744063872,
    "dist": 14.9,
    "name": "NGC4536",
    "RAdeg":188.61271,
    "DEdeg":2.18814,
    "majDiam":29.62,
    "PA":130.0,
    "Lstar": 2.0,
    "e_Lstar": 1.8,