{
    "xVals": [
    13.60,
    9.01,
    6.72,
    4.42,
    2.13,
    -2.13,
    -4.42,
    -6.72,
    -9.01,
    -13.60
    ],
    "centerTrace": 513.0,
    "right_vrot_incCorrected_avg": 106.0,
    "vrot_vals": [
    ],
    "vrot_incCorrected_vals": [
    107.3,
    105.52,
    93.10,
    73.99,
    58.77,
    -58.77,
    -73.99,
    -93.10,
    -105.52,
    -107.3
    ],
    "left_vrot_incCorrected_avg": -106.0,
    "vrot_errs": [
    2.25,
    1.07,
    0.82,
    2.87,
    0.52,
    0.52,
    2.87,
    0.82,
    1.07,
    2.25
    ],
    "agn": {
        "MRK771":{"RAdeg":188.015,"DEdeg":20.15833333}
    },
    "left_vrot_avg": -99,
    "vrot_incCorrected_errs": [
    14.62,
    14.59,
    14.39,
    14.13,
    13.96,
    13.96,
    14.13,
    14.39,
    14.59,
    14.62
    ],
    "inclination": 80.0,
    "di": 8.0,
    "vsys_measured": 2536,
    "right_vrot_avg_err": 1.0,
    "vsys_published": 2536.0,
    "vsys_measured_err": 11.0,
    "left_vrot_incCorrected_avg_err": 15.0,
    "right_vrot_avg":-99,
    "dist": 47.9,
    "name": "NGC4529",
    "RAdeg":188.21519,
    "DEdeg":20.1835,
    "majDiam":10.75,
    "PA":105.0,
    "Lstar": 1.2,
    "e_Lstar": 0.64,
    "vrot_observed": [
    ],
    "left_vrot_avg_err": -99,
    "dvsys_published": 11.0,
    "right_vrot_incCorrected_avg_err": 15.0,
    "v200": 80.0,
    "c": 18.47,
    "r200": 250.0
}