{
    "xVals": [
        13.61754062097852,
        13.241884137458507,
        9.860976450824701,
        8.734007452586827,
        7.982694840578291,
        7.607038549258333,
        7.231382267123151,
        6.855725993719176,
        6.480069728592842,
        6.104413471290578,
        5.728757221358812,
        5.353100978343979,
        4.977444741792505,
        4.601788511250824,
        4.226132286265364,
        3.8504760663825586,
        3.474819851148838,
        3.0991636401106315,
        2.7235074328143707,
        2.347851228806486,
        1.972195027633409,
        1.5965388288415696,
        1.2208826319773993,
        0.8452264365873285,
        0.4695702422177883,
        0.0939140484152096,
        -0.28174214527397684,
        -0.6573983393033401,
        -1.0330545341264497,
        -1.408710730196874,
        -1.7843669279681824,
        -2.1600231278939446,
        -2.9113355360231057,
        -3.286991745133644,
        -3.6626479582129114,
        -4.038304175714478,
        -4.413960398091915,
        -4.789616625798788,
        -5.165272859288669,
        -5.540929099015127,
        -5.91658534543173,
        -6.2922415989920495,
        -6.667897860149653,
        -7.794866693741868,
        -8.546179295771877,
        -8.921835612038151,
        -9.29749193907669,
        -11.175773751728435,
        -11.55143015292558,
        -13.805368868875892,
        -14.181025377228844,
        -14.55668190270405,
        -14.932338445755079,
        -15.307995006835508,
        -15.683651586398897,
        -16.05930818489883,
        -16.434964802788876,
        -16.810621440522592
    ],
    "centerTrace": 507.5,
    "right_vrot_incCorrected_avg": 147.55290372169773,
    "vrot_vals": [
        148.39841737358734,
        143.51817347621295,
        115.878136627608,
        47.63717482016409,
        83.00561587882248,
        81.4968446363821,
        92.50230053320911,
        71.33903048386424,
        66.90499075536854,
        60.58705400277813,
        130.6223339671185,
        67.71563153979628,
        70.45644338840452,
        58.51225943336567,
        65.43162166596699,
        47.15954267533425,
        63.17940520957313,
        65.92373443338101,
        159.6663516852136,
        151.6107859007716,
        167.00807302363364,
        191.15439700879688,
        176.71881508339902,
        160.04229971043992,
        135.4460714602567,
        73.56370178119005,
        -76.66654518806376,
        -115.36635168836119,
        -133.42962649636365,
        -138.39917517992308,
        -147.01176529234544,
        -159.64160901144123,
        -142.12841514149113,
        -159.55417711351083,
        -154.29451349587953,
        -163.33914691604468,
        -147.485697341167,
        -134.07504200655285,
        -133.6492568858721,
        -142.92827539927612,
        -130.58653668562374,
        -119.5574641266478,
        -126.76488568452373,
        -124.31925927199336,
        -131.7316935561539,
        -142.70467083261315,
        -141.69262605757126,
        -134.84680894291068,
        -128.84424827368525,
        -124.44492549529627,
        -131.196275961561,
        -105.91735716016092,
        -123.35778247557346,
        -125.42211627972506,
        -124.2490944886788,
        -136.6637387975752,
        -122.22048259894791,
        -132.9736924453921
    ],
    "vrot_incCorrected_vals": [
        169.67193417005385,
        164.0920874577769,
        132.48973889075597,
        54.46615761262711,
        94.90480857138193,
        93.17974883384743,
        105.76288160228502,
        81.56577070186496,
        76.4960933411775,
        69.2724546545369,
        149.34757689641228,
        77.42294277963697,
        80.55666115601859,
        66.90022984359769,
        74.81151079933142,
        53.920054956888855,
        72.23642995218228,
        75.37416993380664,
        182.55517270178112,
        173.3448087931182,
        190.949359659256,
        218.55715741187953,
        202.0521760953573,
        182.98501440573256,
        154.8628167815449,
        84.10935767934345,
        -87.65700631056642,
        -131.90458749859184,
        -152.5573062294351,
        -158.2392599322773,
        -168.08649987224092,
        -182.5268830650734,
        -162.50310161241185,
        -182.4269174489128,
        -176.41325965604875,
        -186.75447806941756,
        -168.6283720081566,
        -153.29524467847847,
        -152.80842152870818,
        -163.41762509188052,
        -149.30664792899645,
        -136.6965129538213,
        -144.9371477108966,
        -142.14093080363156,
        -150.6159676952702,
        -163.16196590099136,
        -162.0048403905773,
        -154.17764754461334,
        -147.31459538579804,
        -142.28461179123923,
        -150.00379581048145,
        -121.1010411674613,
        -141.04162239727907,
        -143.4018868497042,
        -142.0607076132074,
        -156.2550416849845,
        -139.74128595694742,
        -152.0360121775748
    ],
    "left_vrot_incCorrected_avg": -147.55290372169748,
    "vrot_errs": [
        32.91429581257818,
        33.07135229079622,
        32.92342641213494,
        33.22236143723366,
        33.06044264394115,
        33.16163167729175,
        33.10001835939756,
        33.27809444857898,
        33.329732473063686,
        33.10488304338463,
        33.00045952239916,
        33.28803926608561,
        33.266890107366336,
        33.1742912371351,
        33.10155408798288,
        33.450350993060674,
        33.12353527691556,
        33.07289867290533,
        32.92219089187813,
        33.00838114238102,
        33.01316974758936,
        32.971857505856995,
        32.916619469160686,
        32.91698286339169,
        32.92763787352113,
        32.9491024413651,
        32.90983665553925,
        32.90818638261147,
        32.9096430287049,
        32.909685703974354,
        33.013393353816134,
        33.01843934619954,
        35.304050175331945,
        32.914971662357225,
        32.922223015000355,
        32.91230921364336,
        32.921615664608524,
        33.143045326892924,
        33.267607655965385,
        33.11475130248646,
        33.5873097454325,
        35.2629450556565,
        34.09946585546946,
        33.28088946614573,
        33.90886660788932,
        32.91695790231737,
        32.94511956595492,
        32.95279814006674,
        32.932733839289014,
        34.35064654266211,
        33.726018823259245,
        33.45009678028551,
        33.067142376343895,
        32.91274657730875,
        32.910760384672436,
        32.96541463323792,
        34.02022210337331,
        34.48255682432697
    ],
    "left_vrot_avg": -129.0526774406385,