{
    "xVals": [
        32.36171113522309,
        31.405677888420872,
        29.493611507420297,
        22.801380235055163,
        21.84534731550245,
        20.889314422325935,
        19.933281554371277,
        18.977248710484172,
        18.021215889510295,
        15.153117552524845,
        14.19708481166069,
        13.241052087938163,
        12.285019380202959,
        11.328986687300743,
        10.372954008077205,
        8.460888686048875,
        7.504856040935451,
        6.548823404883425,
        5.592790776738481,
        4.636758155346301,
        3.6807255395525655,
        2.724692928202956,
        1.7686603201431539,
        0.8126277142188411,
        -0.1434048907243008,
        -1.0994374958405906,
        -2.0554701022843465,
        -3.967535323771531,
        -4.923567941123596,
        -5.879600564420402,
        -6.835633194816268,
        -7.791665833465509,
        -8.747698481522447,
        -9.703731140141402,
        -10.659763810476687,
        -11.615796493682625,
        -12.571829190913533,
        -13.527861903323739,
        -14.483894632067543,
        -18.308025733465247,
        -19.26405856119189,
        -23.088190116236902,
        -26.91232211731079,
        -27.868355195928668
    ],
    "centerTrace": 513.5,
    "right_vrot_incCorrected_avg": 274.9363924852029,
    "vrot_vals": [
        237.80439158273975,
        222.9922221093516,
        193.44398637157065,
        211.8819758394411,
        199.62963327224543,
        190.00847007974517,
        186.32577823934298,
        181.85766108357075,
        252.94810792945646,
        233.49190685975282,
        228.21730581751626,
        194.71914908410918,
        197.01357404296368,
        169.6144088757037,
        227.41347138251012,
        232.7723980693304,
        226.07622928160572,
        216.63550286909594,
        215.81444699964322,
        216.97038439681592,
        205.9844339442102,
        207.04485404850402,
        126.05550840939804,
        85.71861499196484,
        58.94545125087734,
        -146.77531808536105,
        -170.7574217606666,
        -193.64320069644918,
        -212.03861622030809,
        -166.40409894115055,
        -219.51189652747644,
        -212.67654017807672,
        -132.12567875458444,
        -195.2398606388415,
        -189.33149253679903,
        -196.69664781655956,
        -204.22620612705305,
        -207.14813995865052,
        -218.1661579098377,
        -205.84154927022792,
        -191.6867178385587,
        -171.60086092684378,
        -182.0159916316843,
        -266.14607924825805
    ],
    "vrot_incCorrected_vals": [
        319.9973725578657,
        300.0656325179981,
        260.3045594071153,
        285.11532150321943,
        268.6281683304515,
        255.68161624173896,
        250.72606556823945,
        244.71362088371657,
        340.37525292188275,
        314.194351968687,
        307.0966761706375,
        262.02046008868075,
        265.10791340894116,
        228.23869999598514,
        306.01501024570865,
        313.22615739105504,
        304.21557350732405,
        291.5118230553915,
        290.4069834046205,
        291.9624505996321,
        277.17939610477185,
        278.60633210424226,
        169.62441786285783,
        115.3457738697157,
        79.31892846459766,
        -197.50567191404852,
        -229.77677554435303,
        -260.5726287228783,
        -285.326101926492,
        -223.91880187586992,
        -295.38239250534053,
        -286.18451328306554,
        -177.79263775362665,
        -262.7211465994128,
        -254.77065310274213,
        -264.6814471058211,
        -274.8134672079008,
        -278.7453170054426,
        -293.5715225759506,
        -276.98712581090217,
        -257.939921354387,
        -230.91173489179295,
        -244.92667565135469,
        -358.1348750928684
    ],
    "left_vrot_incCorrected_avg": -274.93639248520225,
    "vrot_errs": [
        33.813109669410835,
        33.497557405527,
        34.52240292316585,
        33.26027499356748,
        33.247196559556116,
        33.33312770420731,
        33.247183263014584,
        33.419796255693285,
        33.477366724547636,
        33.26684035061736,
        33.2710516623443,
        33.88339768734196,
        33.27481515019692,
        33.567429632342375,
        33.35025337395848,
        33.36373867525161,
        33.24911078626037,
        33.33614029614701,
        33.24854537182543,
        33.28968105332871,
        33.35967074526081,
        33.438082596183406,
        33.94238573074017,
        54.10424506356327,
        49.525692921320854,
        55.94249061579351,
        74.82235852060452,
        71.89456021475469,
        50.78106616437858,
        116.28745128337196,
        43.65121269258929,
        33.47022368292216,
        116.80847441817735,
        33.584755199884356,
        33.53550117678972,
        33.260206357679905,
        33.24288490672252,
        33.29388689420354,
        33.28333447362172,
        33.2413032084276,
        33.294133128469674,
        34.711464125979596,
        33.3756219828812,
        33.60983473931507
    ],
    "agn": {"PG1302-102":{"RAdeg":196.3875,"DEdeg":-10.55555556}
    },
    "left_vrot_avg": -204.31755741079996,
    "vrot_incCorrected_errs": [
        52.94242802622993,
        51.730204082153826,
        51.40838753027115,
        50.84029665120753,
        50.178074325511616,
        49.79589853493693,
        49.51075399246314,
        49.505947777576694,
        53.46284161765615,
        52.05974732788093,
        51.760734363569185,
        50.696005953919695,
        50.07716715301846,
        49.12225908673247,
        51.807171054407135,
        52.13023799784019,
        51.613266513432414,
        51.18861454221741,
        51.040309144015445,
        51.15222957780295,
        50.64383948244924,
        50.79327631211905,
        47.87459086694025,
        73.4552934988423,
        66.98027160236254,
        77.10956838549077,
        102.54223063430476,
        99.22268593888317,
        72.4695751122133,
        157.62232216710407,
        63.8316583150832,
        51.13193163016863,
        157.89911511574826,
        50.361013046257916,
        50.00807955436527,
        50.04344206902284,
        50.41200358912428,
        50.62694443238039,
        51.210610526205784,
        50.495162636968054,
        49.83197878253419,
        50.62825103492743,
        49.45950324615137,
        54.434598641436445
    ],
    "inclination": 48.0,
    "di": 4.0,
    "vsys_measured": 3092.8,
    "right_vrot_avg_err": 22.4,
    "vsys_published": 3110.0,
    "vsys_measured_err": 33.2,
    "left_vrot_incCorrected_avg_err": 49.0,
    "right_vrot_avg": 204.31755741080042,
    "dist": 37.5,
    "name": "NGC4939",
    "RAdeg":196.05996,
    "DEdeg":-10.33961,
    "majDiam":41.85,
    "PA":5.0,