{
    "centerTrace": 507.5,
    "vrot_vals": [
        148.39841737358734,
        143.51817347621295,
        115.878136627608,
        47.63717482016409,
        83.00561587882248,
        81.4968446363821,
        92.50230053320911,
        71.33903048386424,
        66.90499075536854,
        60.58705400277813,
        130.6223339671185,
        67.71563153979628,
        70.45644338840452,
        58.51225943336567,
        65.43162166596699,
        47.15954267533425,
        63.17940520957313,
        65.92373443338101,
        159.6663516852136,
        151.6107859007716,
        167.00807302363364,
        191.15439700879688,
        176.71881508339902,
        160.04229971043992,
        135.4460714602567,
        73.56370178119005,
        -76.66654518806376,
        -115.36635168836119,
        -133.42962649636365,
        -138.39917517992308,
        -147.01176529234544,
        -159.64160901144123,
        -142.12841514149113,
        -159.55417711351083,
        -154.29451349587953,
        -163.33914691604468,
        -147.485697341167,
        -134.07504200655285,
        -133.6492568858721,
        -142.92827539927612,
        -130.58653668562374,
        -119.5574641266478,
        -126.76488568452373,
        -124.31925927199336,
        -131.7316935561539,
        -142.70467083261315,
        -141.69262605757126,
        -134.84680894291068,
        -128.84424827368525,
        -124.44492549529627,
        -131.196275961561,
        -105.91735716016092,
        -123.35778247557346,
        -125.42211627972506,
        -124.2490944886788,
        -136.6637387975752,
        -122.22048259894791,
        -132.9736924453921
    ],
    "vrot_errs": [
        32.91429581257818,
        33.07135229079622,
        32.92342641213494,
        33.22236143723366,
        33.06044264394115,
        33.16163167729175,
        33.10001835939756,
        33.27809444857898,
        33.329732473063686,
        33.10488304338463,
        33.00045952239916,
        33.28803926608561,
        33.266890107366336,
        33.1742912371351,
        33.10155408798288,
        33.450350993060674,
        33.12353527691556,
        33.07289867290533,
        32.92219089187813,
        33.00838114238102,
        33.01316974758936,
        32.971857505856995,
        32.916619469160686,
        32.91698286339169,
        32.92763787352113,
        32.9491024413651,
        32.90983665553925,
        32.90818638261147,
        32.9096430287049,
        32.909685703974354,
        33.013393353816134,
        33.01843934619954,
        35.304050175331945,
        32.914971662357225,
        32.922223015000355,
        32.91230921364336,
        32.921615664608524,
        33.143045326892924,
        33.267607655965385,
        33.11475130248646,
        33.5873097454325,
        35.2629450556565,
        34.09946585546946,
        33.28088946614573,
        33.90886660788932,
        32.91695790231737,
        32.94511956595492,
        32.95279814006674,
        32.932733839289014,
        34.35064654266211,
        33.726018823259245,
        33.45009678028551,
        33.067142376343895,
        32.91274657730875,
        32.910760384672436,
        32.96541463323792,
        34.02022210337331,
        34.48255682432697
    ],
    "left_vrot_avg": -129.0526774406385,
    "right_vrot_avg": 129.05267744063872,
    "inclination": 61.0,
    "left_vrot_corrected_avg": -139.1877962552922,
    "di": 3.0,
    "RAdeg":188.61271,
    "DEdeg":2.18814,
    "majDiam":29.62,
    "PA":130.0,
    "vrot_corrected_errs": [
        37.52821575532616,
        37.56110681524434,
        36.759219527507504,
        36.04390418749739,
        36.30107470597482,
        36.385338473901236,
        36.49696239304023,
        36.365478652402466,
        36.36378184518117,
        36.048978118835784,
        37.16990017077179,
        36.32943695993629,
        36.341968865885796,
        36.10010328753058,
        36.102356755723584,
        36.28416156637965,
        36.098816513787604,
        36.077822838985504,
        37.846103071910846,
        37.710292999206665,
        38.15026185929317,
        38.864644470025254,
        38.3470483781084,
        37.851517304736966,
        37.21091618320346,
        36.045417712171194,
        36.04719650326939,
        36.7325044917788,
        37.143319909053076,
        37.26551518412674,
        37.59269303057818,
        37.94281300220323,
        39.82144378697185,
        37.83561425313621,
        37.695918240431894,
        37.94143994671514,
        37.511471456757306,
        37.399483044696005,
        37.517688506003836,
        37.5904391918437,
        37.775579932366995,
        39.276355009994525,
        38.21913183132109,
        37.31502311402077,
        38.13479185205483,
        37.38206477856589,
        37.38502029010103,
        37.22217875181508,
        37.058103439667626,
        38.42890449435749,
        37.93322459884159,
        37.108472821077584,
        37.07171432948369,
        36.958321708266695,
        36.929594167314484,
        37.2797159212006,
        38.036952061925604,
        38.757122940023784
    ],
    "left_vrot_corrected_avg_err": 36.82491194645797,
    "right_vrot_avg_err": 31.8,
    "vsys_published": 1808.0,
    "left_vrot_avg_err": 8.5,
    "name": "NGC4536",
    "agn": {
        "3C273.0":{"RAdeg":187.277916667,"DEdeg":2.05222222222},
        "HE1228+0131":{"RAdeg":187.708333333,"DEdeg":1.25583333333},
        "LBQS1230-0015":{"RAdeg":188.267083333,"DEdeg":-0.526111111111}
    },
    "vsys_err": 32.906815328303935,
    "vsys": 1866.8800184876022,
    "right_vrot_corrected_avg_err": 36.82753506894962,
    "observed_vals": [
        2015.2784358611896,
        2010.3981919638152,
        1982.7581551152102,
        1914.5171933077663,
        1949.8856343664247,
        1948.3768631239843,
        1959.3823190208113,
        1938.2190489714665,
        1933.7850092429708,
        1927.4670724903804,
        1997.5023524547207,
        1934.5956500273985,
        1937.3364618760068,
        1925.392277920968,
        1932.3116401535692,
        1914.0395611629365,
        1930.0594236971754,
        1932.8037529209832,
        2026.5463701728158,
        2018.4908043883738,
        2033.8880915112359,
        2058.034415496399,
        2043.5988335710013,
        2026.9223181980421,
        2002.326089947859,
        1940.4437202687923,
        1790.2134732995385,
        1751.513666799241,
        1733.4503919912386,
        1728.4808433076792,
        1719.8682531952568,
        1707.238409476161,
        1724.751603346111,
        1707.3258413740914,
        1712.5855049917227,
        1703.5408715715575,
        1719.3943211464352,
        1732.8049764810494,
        1733.2307616017301,
        1723.951743088326,
        1736.2934818019785,
        1747.3225543609544,
        1740.1151328030785,
        1742.5607592156089,
        1735.1483249314483,
        1724.175347654989,
        1725.187392430031,
        1732.0332095446915,
        1738.035770213917,
        1742.435092992306,
        1735.6837425260412,
        1760.9626613274413,
        1743.5222360120288,
        1741.4579022078772,
        1742.6309239989234,
        1730.216279690027,
        1744.6595358886543,
        1733.9063260422101
    ],