{
    "xVals": [
    17.193,
    14.8359,
    13.0228,
    10.6658,
    8.498,
    5.6916,
    3.0823,
    1.482,
    0.4178,
    -0.7174,
    -2.4122,
    -3.6656,
    -4.4697,
    -6.6297,
    -9.1601,
    -10.9732,
    -12.605,
    -14.3314,
    -16.1445
    ],
    "centerTrace": 513.0,
    "right_vrot_incCorrected_avg": 127.9,
    "vrot_vals": [
    ],
    "vrot_incCorrected_vals": [
    128.0619525,
    127.7782614,
    127.5597291,
    128.2253505,
    124.1694706,
    116.2421601,
    89.36569033,
    56.91664609,
    23.58545298,
    -38.21509004,
    -64.03498601,
    -86.00550509,
    -102.2290248,
    -120.5145674,
    -128.4087974,
    -128.6263273,
    -129.7711159,
    -127.1326888,
    -127.3512212
    ],
    "left_vrot_incCorrected_avg": -127.9,
    "vrot_errs": [
    ],
    "agn": {
        "2E1530+1511":{"RAdeg": 233.3095833,"DEdeg": 15.0175}
    },
    "left_vrot_avg": -99,
    "vrot_incCorrected_errs": [
    ],
    "inclination": 86.0,
    "di": 2.0,
    "vsys_measured": 1780.0,
    "right_vrot_avg_err": -99,
    "vsys_published": 1780.0,
    "vsys_measured_err": 10.0,
    "left_vrot_incCorrected_avg_err": 10.0,
    "right_vrot_avg":-99,
    "dist": 27.1,
    "name": "NGC5951",
    "RAdeg": 233.42942,
    "DEdeg": 15.00728,
    "majDiam": 23.54,
    "PA": 0.0,
    "Lstar": 1.4,
    "e_Lstar": 1.1,
    "vrot_observed": [
    ],
    "left_vrot_avg_err": -99,
    "dvsys_published": 4.0,
    "right_vrot_incCorrected_avg_err": 10.0
}