{
    "xVals": [
    24.5471,
    23.8356,
    23.1181,
    22.4007,
    21.6833,
    20.9506,
    20.2332,
    19.5063,
    18.8042,
    18.0561,
    17.3388,
    16.6214,
    15.8886,
    15.1712,
    14.4443,
    13.7269,
    13.0248,
    12.2921,
    11.544,
    10.8419,
    10.1092,
    9.3918,
    8.6649,
    7.9475,
    7.2454,
    6.4973,
    5.7799,
    5.0472,
    4.3356,
    3.6182,
    2.9008,
    2.1681,
    1.4661,
    0.7286,
    0.0001,
    -0.0001,
    -0.7286,
    -1.4661,
    -2.1681,
    -2.9008,
    -3.6182,
    -4.3356,
    -5.0472,
    -5.7799,
    -6.4973,
    -7.2454,
    -7.9475,
    -8.6649,
    -9.3918,
    -10.1092,
    -10.8419,
    -11.544,
    -12.2921,
    -13.0248,
    -13.7269,
    -14.4443,
    -15.1712,
    -15.8886,
    -16.6214,
    -17.3388,
    -18.0561,
    -18.8042,
    -19.5063,
    -20.2332,
    -20.9506,
    -21.6833,
    -22.4007,
    -23.1181,
    -23.8356,
    -24.5471
    ],
    "centerTrace": 513.0,
    "right_vrot_incCorrected_avg": 229.0,
    "vrot_vals": [
    ],
    "vrot_incCorrected_vals": [
    216.231,
    224.026,
    226.548,
    223.404,
    222.52,
    222.792,
    220.136,
    220.481,
    226.57,
    230.686,
    233.988,
    232.921,
    234.125,
    236.136,
    235.666,
    231.852,
    229.254,
    228.208,
    231.116,
    233.86,
    234.835,
    234.215,
    231.951,
    227.104,
    218.889,
    211.984,
    216.631,
    223.399,
    223.372,
    213.231,
    198.587,
    182.446,
    174.255,
    152.402,
    55.465,
    -55.465,
    -152.402,
    -174.255,
    -182.446,
    -198.587,
    -213.231,
    -223.372,
    -223.399,
    -216.631,
    -211.984,
    -218.889,
    -227.104,
    -231.951,
    -234.215,
    -234.835,
    -233.86,
    -231.116,
    -228.208,
    -229.254,
    -231.852,
    -235.666,
    -236.136,
    -234.125,
    -232.921,
    -233.988,
    -230.686,
    -226.57,
    -220.481,
    -220.136,
    -222.792,
    -222.52,
    -223.404,
    -226.548,
    -224.026,
    -216.231
    ],
    "left_vrot_incCorrected_avg": -229.0,
    "vrot_errs": [
    ],
    "agn": {
        "SBS1503+570":{"RAdeg":226.2316667,"DEdeg":56.82222222},
        "SDSSJ152053.59+571122.1":{"RAdeg":230.22375,"DEdeg":57.18972222},
        "RBS1503":{"RAdeg":232.28125,"DEdeg":56.26861111}
    },
    "left_vrot_avg": -99,
    "vrot_incCorrected_errs": [
    5,
    5,
    5,
    5,
    5,
    5,
    5,
    5,
    5,
    5,
    5,
    5,
    5,
    5,
    5,
    5,
    5,
    5,
    5,
    5,
    5,
    5,
    5,
    5,
    5,
    5,
    5,
    5,
    5,
    5,
    5,
    5,
    5,
    5,
    5,
    5,
    5,
    5,
    5,
    5,
    5,
    5,
    5,
    5,
    5,
    5,
    5,
    5,
    5,
    5,
    5,
    5,
    5,
    5,
    5,
    5,
    5,
    5,
    5,
    5,
    5,
    5,
    5,
    5,
    5,
    5,
    5,
    5,
    5,
    5
    ],
    "inclination": 89.9,
    "di": 2.0,
    "vsys_measured": 667.0,
    "right_vrot_avg_err": -99,
    "vsys_published": 667.0,
    "vsys_measured_err": 3.0,
    "left_vrot_incCorrected_avg_err": 6.0,
    "right_vrot_avg":-99,
    "dist": 14.9,
    "name": "NGC5907",
    "RAdeg":228.97404,
    "DEdeg":56.32877,
    "majDiam":50.62,
    "PA":155.0,
    "Lstar": 1.2,
    "e_Lstar": 1.1,
    "vrot_observed": [
    ],
    "left_vrot_avg_err": -99,
    "dvsys_published": 3.0,
    "right_vrot_incCorrected_avg_err": 6.0,
    "v200": 163.09,
    "c": 19.76,
    "r200": 91.45
}