{
    "xVals": [
        6.58976995099794,
        6.223671609428309,
        5.857573269737302,
        5.49147493181441,
        5.125376595549125,
        4.759278260830945,
        4.3931799275493555,
        4.027081595593856,
        3.6609832648539324,
        3.294884935219084,
        2.9287866065787997,
        2.5626882788225727,
        2.1965899518398975,
        1.8304916255202643,
        1.4643932997531683,
        1.098294974428101,
        0.7321966494345553,
        0.366098324662024,
        -0.001,
        -0.366098324662024,
        -0.7321966494345553,
        -1.098294974428101,
        -1.4643932997531683,
        -1.8304916255202643,
        -2.1965899518398975,
        -2.5626882788225727,
        -2.9287866065787997,
        -3.294884935219084,
        -3.6609832648539324,
        -4.027081595593856,
        -4.3931799275493555,
        -4.759278260830945,
        -5.125376595549125
    ],
    "centerTrace": 502.5,
    "right_vrot_incCorrected_avg": 172.0,
    "vrot_vals": [
        184.64492057328334,
        155.61515507686136,
        148.34994806915574,
        169.49421515640324,
        170.31641303074366,
        160.21469416074206,
        130.835703554656,
        126.96275369176601,
        127.13451123428013,
        138.95179560072393,
        160.2821638124292,
        127.85749171973339,
        140.70093604225258,
        112.17936274280419,
        89.77587533193855,
        40.14434077349688,
        132.85686957213557,
        123.1680996873747,
        -37.955092852357666,
        -75.29408626983741,
        -127.35384308555422,
        -109.92853791548941,
        -143.6316616949457,
        -139.04916132470316,
        -156.26474870816128,
        -163.36281187327086,
        -173.85696931977782,
        -159.83351413598166,
        -155.90885428958245,
        -144.52087241908475,
        -146.468676039432,
        -151.8067725562014,
        -167.44095718318795
    ],
    "vrot_incCorrected_vals": [
        203.73312820914396,
        171.70232596773272,
        163.6860569787388,
        187.01617439545305,
        187.92336937501815,
        176.77735583029167,
        144.36122631412982,
        140.0878989541682,
        140.27741243399353,
        153.31634306602828,
        176.85180035416332,
        141.07513313748345,
        155.2463060063753,
        123.77623181369377,
        99.05671849679047,
        44.294379180782094,
        146.59133626837414,
        135.90096151562025,
        -41.878811365462546,
        -83.07783221859553,
        -140.51941835561453,
        -121.29272139978208,
        -158.48000397809383,
        -153.42377425593077,
        -172.41907323680772,
        -180.25091940059065,
        -191.82994100518223,
        -176.35677020782146,
        -172.02638719386584,
        -159.46113945641352,
        -161.6103029615799,
        -167.5002407874738,
        -184.75065488587362
    ],
    "left_vrot_incCorrected_avg": -172.0,
    "vrot_errs": [
        21.84223476496511,
        21.59974602733063,
        21.582670850603737,
        21.581775724232106,
        21.5912740972354,
        21.90302383609728,
        21.646941872102836,
        21.619075627585094,
        21.718054754692254,
        21.62862253515022,
        22.35511611059773,
        21.98345488401571,
        21.592089873156617,
        21.604240055704274,
        21.859363421333473,
        26.94814422107963,
        21.62212490228784,
        26.94814422107963,
        26.94814422107963,
        26.94814422107963,
        21.577077145205372,
        21.57879849926033,
        21.597933056691076,
        21.603524726425043,
        21.57713575818088,
        21.58990877274872,
        21.80310786864143,
        21.852837885751022,
        21.69605647155525,
        22.510960573649783,
        21.743474357842203,
        21.622632672292944,
        21.78318274716542
    ],
    "agn": {
        "QSO1500-4140":{"RAdeg":225.89125,"DEdeg":-41.8733333333}
    },
    "left_vrot_avg": -156.0,
    "vrot_incCorrected_errs": [
        25.77789031741064,
        25.048584113294567,
        24.922154203000368,
        25.249978417580152,
        25.27343223456509,
        25.437357869966167,
        24.74864066775546,
        24.669350737088003,
        24.77712992944198,
        24.837555263263862,
        25.91277239406901,
        25.069483643872637,
        24.82302157122436,
        24.476912366296762,
        24.525787018200326,
        29.80042544821773,
        24.748656607346234,
        30.353640095214107,
        29.793383729418903,
        29.96705217052291,
        24.629501116755282,
        24.424469458780525,
        24.870361011910628,
        24.81228769522376,
        25.034781578254368,
        25.159090489005546,
        25.552463326477554,
        25.37885607318749,
        25.154177880853105,
        25.849436371189537,
        25.064604963737686,
        25.01524277635011,
        25.426297545163937
    ],
    "inclination": 65.0,
    "di": 5.0,
    "vsys_measured": 2974.6,
    "right_vrot_avg_err": 19.1,
    "vsys_published": 2998.0,
    "vsys_measured_err": 21.6,
    "left_vrot_incCorrected_avg_err": 25.0,
    "right_vrot_avg": 156.0,
    "dist": 29.8,
    "name": "NGC5786",
    "RAdeg":224.73442,
    "DEdeg":-42.01336,
    "majDiam":30.11,
    "PA":80.0,
    "Lstar": 25.0,
    "e_Lstar": 14.0,
    "vrot_observed": [
        3159.202811012071,
        3130.173045515649,
        3122.9078385079433,
        3144.052105595191,
        3144.8743034695312,
        3134.7725845995296,
        3105.3935939934436,
        3101.5206441305536,
        3101.6924016730677,
        3113.5096860395115,
        3134.8400542512168,
        3102.415382158521,
        3115.25882648104,
        3086.7372531815918,
        3064.333765770726,
        3014.7022312122845,
        3107.414760010923,
        3097.7259901261623,
        2936.60279758643,
        2899.26380416895,
        2847.2040473532334,
        2864.629352523298,
        2830.926228743842,
        2835.5087291140844,
        2818.2931417306263,
        2811.1950785655167,
        2800.7009211190098,
        2814.724376302806,
        2818.649036149205,
        2830.037018019703,
        2828.0892143993556,
        2822.751117882586,
        2807.1169332555996
    ],
    "left_vrot_avg_err": 10.0,
    "dvsys_published": 5.0,
    "right_vrot_incCorrected_avg_err": 25.0,
    "v200": 115.36,
    "c": 23.17,
    "r200": 71.06
}