{
    "xVals": [
        12.696857099480122,
        10.917962468272373,
        10.473238844768856,
        10.028515233910785,
        9.583791635161193,
        9.139068047983123,
        8.694344471839615,
        8.249620906193702,
        7.804897350508423,
        7.3601738042468146,
        6.9154502668719235,
        6.0260032166344235,
        5.581279702697893,
        5.136556195500231,
        4.69183269450447,
        4.247109199173652,
        3.8023857089708155,
        3.357662223358998,
        2.9129387418012382,
        2.468215263760576,
        2.0234917887000474,
        1.5787683160826942,
        1.134044845371553,
        0.6893213760296634,
        0.24459790752006397,
        -0.20012556069420695,
        -0.6448490291501103,
        -1.5342959689346602,
        -1.9790194413372295,
        -2.4237429161292763,
        -2.868466393847762,
        -3.313189875029648,
        -3.7579133602118975,
        -4.202636849931469,
        -4.6473603447253256,
        -5.092083845130429,
        -5.536807351683739,
        -5.981530864922217,
        -6.426254385382827,
        -6.8709779136025295,
        -7.3157014501182855,
        -7.760424995467055,
        -8.205148550185804,
        -8.649872114811492,
        -9.09459568988108,
        -9.539319275931529,
        -10.873490105337671,
        -11.31821374068119,
        -12.652384730853631,
        -13.9865558585151,
        -14.876003360498375,
        -17.099622439177423
    ],
    "centerTrace": 510.5,
    "right_vrot_incCorrected_avg": -155.0,
    "vrot_vals": [
        -99.18306555412505,
        -152.1068176248566,
        -127.9276952578773,
        -127.0224051043117,
        -131.50760665389112,
        -132.97540275922915,
        -135.5953448053276,
        -124.81417867802952,
        -127.6532943116149,
        -127.80390192269624,
        -131.16308660454933,
        -128.20063443780418,
        -126.68683837359322,
        -133.9141764976098,
        -151.92482771812615,
        -143.27601320909275,
        -141.4319036369111,
        -133.01386548551295,
        -123.22025954749984,
        -91.64533048827866,
        -81.76849523046735,
        -72.398938565653,
        -72.64255105879465,
        -82.81370382887621,
        -30.017216788289943,
        -8.639158450398327,
        58.202664588517564,
        65.84998644810753,
        74.37226681016341,
        86.16333074323552,
        91.8201379977611,
        90.59759887270866,
        87.8417125589217,
        89.30028126435718,
        97.88592006030626,
        104.897967413586,
        116.3220366401215,
        113.34254575967157,
        115.06121750952752,
        120.39136567192168,
        125.56190722430938,
        133.88296631642652,
        134.9869653290457,
        129.37807660168392,
        131.29801530164764,
        128.90076421823596,
        122.66993960226068,
        138.18188402080568,
        107.96662603944833,
        110.66664547169626,
        101.9568022188464,
        93.41245832138156
    ],
    "vrot_incCorrected_vals": [
        -118.26224663768019,
        -181.36658592597098,
        -152.53628796259622,
        -151.45685321411878,
        -156.8048429028082,
        -158.55498910018082,
        -161.67891182530613,
        -148.82384508114959,
        -152.20910234675347,
        -152.38868133382857,
        -156.394049842327,
        -152.8617306219178,
        -151.05673576211308,
        -159.67434844610426,
        -181.14958784151895,
        -170.83705889440054,
        -168.63821033256374,
        -158.600850643144,
        -146.92331441815702,
        -109.2745280340426,
        -97.49775222324052,
        -86.32583678596949,
        -86.61631138046785,
        -98.74402058933977,
        -35.79142745145588,
        -10.30101541724845,
        69.39872080059101,
        78.51710667446802,
        88.6787609494401,
        102.73799276671714,
        109.48296209166153,
        108.02525131489323,
        104.73923363510468,
        106.47837741954521,
        116.7155779653831,
        125.07648583706133,
        138.69812663759902,
        135.14549108041106,
        137.19477218737342,
        143.5502452015892,
        149.71540915273928,
        159.63713457169857,
        160.9535024696728,
        154.2656694375653,
        156.5549338678972,
        153.6965396723259,
        146.26713311613835,
        164.76300624132287,
        128.73544174078398,
        131.95484580174016,
        121.56954842068714,
        111.38158639598323
    ],
    "left_vrot_incCorrected_avg": 155.0,
    "vrot_errs": [
        17.139564325217727,
        19.212522647494243,
        16.981252758698968,
        16.907850218172502,
        16.90273977606688,
        16.906750425425315,
        16.90918539390499,
        16.914061338819288,
        16.97025563860117,
        17.49766802417484,
        17.88599964560502,
        17.463361586252105,
        17.024782738569325,
        16.935599180641656,
        16.91896442291535,
        16.9286003577144,
        16.90208772939086,
        16.905352392784128,
        16.963088178583007,
        16.944004773671473,
        16.923581535242377,
        16.944113136774764,
        17.260118651531524,
        18.027864733090354,
        16.9730421597029,
        17.384175437694523,
        17.04670668819577,
        17.044007128374854,
        17.030624549438453,
        16.92853941699897,
        16.909591446186603,
        16.96515296280353,
        16.922710921497636,
        16.95338003548083,
        16.918236247356955,
        16.9181296568567,
        17.31262316734985,
        17.289817259777323,
        17.255019363052504,
        17.422954666127847,
        17.00650915467453,
        16.91908520199505,
        16.929277210320464,
        17.006708249452185,
        17.3246010473778,
        17.52853507753525,
        17.034965867156345,
        17.45536209690267,
        20.29498618543374,
        17.866737945560423,
        17.960288367793417,
        17.34168670466209
    ],
    "agn": {
        "SDSSJ135726.27+043541.4":{"RAdeg":209.359166667,"DEdeg":4.59472222222}
    },
    "left_vrot_avg": 130.0,
    "vrot_incCorrected_errs": [
        22.574645516456798,
        27.222677673337017,
        23.72681304916925,
        23.60651278185623,
        23.829845561832087,
        23.90990061578208,
        24.049493849041667,
        23.50249950555253,
        23.701797935783652,
        24.24830402614746,
        24.812251134013646,
        24.232715299436872,
        23.70891727210662,
        23.9877795768911,
        24.954731533503583,
        24.48132307428378,
        24.35470962638239,
        23.910495178412795,
        23.47409322247351,
        22.061090996224248,
        21.67249404068559,
        21.381823305863577,
        21.74579884505856,
        22.938583513228842,
        20.445071891490993,
        20.745075547917267,
        21.090477918844282,
        21.296613477071404,
        21.542251716223912,
        21.836548844337564,
        22.03032467695431,
        22.04373672973121,
        21.892566270649745,
        21.9812848718265,
        22.28246054009291,
        22.578648273087005,
        23.507852287261084,
        23.34738486038067,
        23.389334486628176,
        23.813285274411744,
        23.634211713849126,
        23.969576185446705,
        24.03759327947969,
        23.826043856230836,
        24.246139033147955,
        24.33412253338317,
        23.52110455285133,
        24.732216648963092,
        26.354526138509332,
        23.83973888638365,
        23.5751191869342,
        22.563993156123466
    ],
    "inclination": 57.0,
    "di": 6.0,
    "vsys_measured": 1238.0,
    "right_vrot_avg_err": 10.8,
    "vsys_published": 1241.0,
    "vsys_measured_err": 16.9,
    "left_vrot_incCorrected_avg_err": 23.0,
    "right_vrot_avg": -130.0,
    "dist": 18.1,
    "name": "NGC5364",
    "RAdeg":209.05,
    "DEdeg":5.01447,
    "majDiam":33.38,
    "PA":48.0,
    "Lstar": 1.9,