{
    "xVals": [
        13.688053733820752,
        11.770287383613194,
        11.290845833037276,
        10.811404296093986,
        10.331962772204438,
        9.852521260789763,
        9.373079761271072,
        8.893638273069486,
        8.414196795606125,
        7.934755328302105,
        7.455313870578555,
        6.496430981557321,
        6.016989549101878,
        5.537548123911382,
        5.058106705406946,
        4.578665293009694,
        4.099223886140747,
        3.6197824842212225,
        3.1403410866722408,
        2.6608996929149233,
        2.1814583023703884,
        1.7020169144597574,
        1.22257552860415,
        0.7431341442246863,
        0.26369276074248665,
        -0.2157486224213293,
        -0.6951900058456411,
        -1.654072775791272,
        -2.1335141634703514,
        -2.612955553725446,
        -3.092396947135436,
        -3.5718383442792,
        -4.051279745735622,
        -4.5307211520835775,
        -5.010162563901949,
        -5.4896039817696165,
        -5.969045406265458,
        -6.448486837968354,
        -6.927928277457188,
        -7.407369725310837,
        -7.8868111821081825,
        -8.366252648428102,
        -8.84569412484948,
        -9.325135611951195,
        -9.804577110312128,
        -10.284018620511157,
        -11.722343227925634,
        -12.201784791265858,
        -13.640109571997066,
        -15.07843450095056,
        -16.037317876983693,
        -18.434526666059064
    ],
    "centerTrace": 510.5,
    "right_vrot_incCorrected_avg": -155.31693864653366,
    "vrot_vals": [
        -99.18306555412505,
        -152.1068176248566,
        -127.9276952578773,
        -127.0224051043117,
        -131.50760665389112,
        -132.97540275922915,
        -135.5953448053276,
        -124.81417867802952,
        -127.6532943116149,
        -127.80390192269624,
        -131.16308660454933,
        -128.20063443780418,
        -126.68683837359322,
        -133.9141764976098,
        -151.92482771812615,
        -143.27601320909275,
        -141.4319036369111,
        -133.01386548551295,
        -123.22025954749984,
        -91.64533048827866,
        -81.76849523046735,
        -72.398938565653,
        -72.64255105879465,
        -82.81370382887621,
        -30.017216788289943,
        -8.639158450398327,
        58.202664588517564,
        65.84998644810753,
        74.37226681016341,
        86.16333074323552,
        91.8201379977611,
        90.59759887270866,
        87.8417125589217,
        89.30028126435718,
        97.88592006030626,
        104.897967413586,
        116.3220366401215,
        113.34254575967157,
        115.06121750952752,
        120.39136567192168,
        125.56190722430938,
        133.88296631642652,
        134.9869653290457,
        129.37807660168392,
        131.29801530164764,
        128.90076421823596,
        122.66993960226068,
        138.18188402080568,
        107.96662603944833,
        110.66664547169626,
        101.9568022188464,
        93.41245832138156
    ],
    "vrot_incCorrected_vals": [
        -118.26224663768019,
        -181.36658592597098,
        -152.53628796259622,
        -151.45685321411878,
        -156.8048429028082,
        -158.55498910018082,
        -161.67891182530613,
        -148.82384508114959,
        -152.20910234675347,
        -152.38868133382857,
        -156.394049842327,
        -152.8617306219178,
        -151.05673576211308,
        -159.67434844610426,
        -181.14958784151895,
        -170.83705889440054,
        -168.63821033256374,
        -158.600850643144,
        -146.92331441815702,
        -109.2745280340426,
        -97.49775222324052,
        -86.32583678596949,
        -86.61631138046785,
        -98.74402058933977,
        -35.79142745145588,
        -10.30101541724845,
        69.39872080059101,
        78.51710667446802,
        88.6787609494401,
        102.73799276671714,
        109.48296209166153,
        108.02525131489323,
        104.73923363510468,
        106.47837741954521,
        116.7155779653831,
        125.07648583706133,
        138.69812663759902,
        135.14549108041106,
        137.19477218737342,
        143.5502452015892,
        149.71540915273928,
        159.63713457169857,
        160.9535024696728,
        154.2656694375653,
        156.5549338678972,
        153.6965396723259,
        146.26713311613835,
        164.76300624132287,
        128.73544174078398,
        131.95484580174016,
        121.56954842068714,
        111.38158639598323
    ],
    "left_vrot_incCorrected_avg": 155.31693864653366,
    "vrot_errs": [
        17.139564325217727,
        19.212522647494243,
        16.981252758698968,
        16.907850218172502,
        16.90273977606688,
        16.906750425425315,
        16.90918539390499,
        16.914061338819288,
        16.97025563860117,
        17.49766802417484,
        17.88599964560502,
        17.463361586252105,
        17.024782738569325,
        16.935599180641656,
        16.91896442291535,
        16.9286003577144,
        16.90208772939086,
        16.905352392784128,
        16.963088178583007,
        16.944004773671473,
        16.923581535242377,
        16.944113136774764,
        17.260118651531524,
        18.027864733090354,
        16.9730421597029,
        17.384175437694523,
        17.04670668819577,
        17.044007128374854,
        17.030624549438453,
        16.92853941699897,
        16.909591446186603,
        16.96515296280353,
        16.922710921497636,
        16.95338003548083,
        16.918236247356955,
        16.9181296568567,
        17.31262316734985,
        17.289817259777323,
        17.255019363052504,
        17.422954666127847,
        17.00650915467453,
        16.91908520199505,
        16.929277210320464,
        17.006708249452185,
        17.3246010473778,
        17.52853507753525,
        17.034965867156345,
        17.45536209690267,
        20.29498618543374,
        17.866737945560423,
        17.960288367793417,
        17.34168670466209
    ],
    "left_vrot_avg": 130.25974514623294,
    "vrot_incCorrected_errs": [
        21.943463108799634,
        25.980521657382052,
        22.720376863188935,
        22.60930289274642,
        22.76977218002903,
        22.82926771911137,
        22.93164639399025,
        22.535950931093893,
        22.69866550405412,
        23.266382239051435,
        23.80141343110632,
        23.243895448156145,
        22.721555227534903,
        22.89519648980102,
        23.596821766332077,
        23.25294154878348,
        23.152012584203934,
        22.829250405695323,
        22.53139845214558,
        21.510493970527587,
        21.227316575780705,
        21.02879762195161,
        21.396420301629284,
        22.50753699872568,
        20.38203296698545,
        20.7399366712783,
        20.85982061283209,
        21.003805267486356,
        21.17237073497942,
        21.345461621187056,
        21.476806392022965,
        21.505379480683334,
        21.383267437851995,
        21.456899552745497,
        21.65962072456667,
        21.871554627875312,
        22.670904640314415,
        22.54785475695872,
        22.566458861006886,
        22.92753584732802,
        22.66148299551119,
        22.8766455022112,
        22.9294210814408,
        22.800619621121083,
        23.208480742079235,
        23.338584850497877,
        22.588929675859962,
        23.603857429518186,
        25.71506906745889,
        23.09438710702399,
        22.936730270061634,
        22.004756424214772
    ],
    "inclination": 57.0,
    "di": 5.0,
    "vsys_measured": 1238.0,
    "right_vrot_avg_err": 10.8,
    "vsys_published": 1241.0,
    "vsys_measured_err": 16.9,
    "left_vrot_incCorrected_avg_err": 22.0,
    "right_vrot_avg": -130.25974514623294,
    "dist": 18.1,
    "name": "NGC5364",
    "RAdeg":209.05,
    "DEdeg":5.01447,
    "majDiam":33.38,
    "PA":48.0,
    "Lstar": 1.9,
    "e_Lstar": 2.2,