{
    "xVals": [
    17.193,
    14.8359,
    13.0228,
    10.6658,
    8.498,
    5.6916,
    3.0823,
    1.482,
    0.4178,
    -0.7174,
    -2.4122,
    -3.6656,
    -4.4697,
    -6.6297,
    -9.1601,
    -10.9732,
    -12.605,
    -14.3314,
    -16.1445
    ],
    "centerTrace": 513.0,
    "right_vrot_incCorrected_avg": 132.0,
    "vrot_vals": [
    ],
    "vrot_incCorrected_vals": [
    132.8982529,
    132.6038482,
    132.3770629,
    133.0678217,
    128.8587702,
    120.6320823,
    92.74061411,
    59.06612137,
    24.47616513,
    -39.65829509,
    -66.45328766,
    -89.2535304,
    -106.0897365,
    -125.0658385,
    -133.2581965,
    -133.4839415,
    -134.6719635,
    -131.9338954,
    -132.1606806
    ],
    "left_vrot_incCorrected_avg": -132.0,
    "vrot_errs": [
    ],
    "agn": {
        "2E1530+1511":{"RAdeg": 233.3095833,"DEdeg": 15.0175}
    },
    "left_vrot_avg": -99,
    "vrot_incCorrected_errs": [
    5.23,
    5.22,
    5.21,
    5.23,
    5.13,
    4.92,
    4.28,
    3.63,
    3.22,
    3.36,
    3.76,
    4.2,
    4.58,
    5.03,
    5.24,
    5.24,
    5.27,
    5.2,
    5.21
    ],
    "inclination": 74.0,
    "di": 6.0,
    "vsys_measured": 1780.0,
    "right_vrot_avg_err": -99,
    "vsys_published": 1780.0,
    "vsys_measured_err": 1.0,
    "left_vrot_incCorrected_avg_err": 7.0,
    "right_vrot_avg":-99,
    "dist": 27.1,
    "name": "NGC5951",
    "RAdeg": 233.42942,
    "DEdeg": 15.00728,
    "majDiam": 23.54,
    "PA": 0.0,
    "Lstar": 1.4,
    "e_Lstar": 1.1,
    "vrot_observed": [
    ],
    "left_vrot_avg_err": -99,
    "dvsys_published": 4.0,
    "right_vrot_incCorrected_avg_err": 7.0,
    "v200": 90.0,
    "c": 23.16,
    "r200": 250.0
}