{
    "centerTrace": 510.5,
    "vrot_vals": [
        -99.18306555412505,
        -152.1068176248566,
        -127.9276952578773,
        -127.0224051043117,
        -131.50760665389112,
        -132.97540275922915,
        -135.5953448053276,
        -124.81417867802952,
        -127.6532943116149,
        -127.80390192269624,
        -131.16308660454933,
        -128.20063443780418,
        -126.68683837359322,
        -133.9141764976098,
        -151.92482771812615,
        -143.27601320909275,
        -141.4319036369111,
        -133.01386548551295,
        -123.22025954749984,
        -91.64533048827866,
        -81.76849523046735,
        -72.398938565653,
        -72.64255105879465,
        -82.81370382887621,
        -30.017216788289943,
        -8.639158450398327,
        58.202664588517564,
        65.84998644810753,
        74.37226681016341,
        86.16333074323552,
        91.8201379977611,
        90.59759887270866,
        87.8417125589217,
        89.30028126435718,
        97.88592006030626,
        104.897967413586,
        116.3220366401215,
        113.34254575967157,
        115.06121750952752,
        120.39136567192168,
        125.56190722430938,
        133.88296631642652,
        134.9869653290457,
        129.37807660168392,
        131.29801530164764,
        128.90076421823596,
        122.66993960226068,
        138.18188402080568,
        107.96662603944833,
        110.66664547169626,
        101.9568022188464,
        93.41245832138156
    ],
    "vrot_errs": [
        17.139564325217727,
        19.212522647494243,
        16.981252758698968,
        16.907850218172502,
        16.90273977606688,
        16.906750425425315,
        16.90918539390499,
        16.914061338819288,
        16.97025563860117,
        17.49766802417484,
        17.88599964560502,
        17.463361586252105,
        17.024782738569325,
        16.935599180641656,
        16.91896442291535,
        16.9286003577144,
        16.90208772939086,
        16.905352392784128,
        16.963088178583007,
        16.944004773671473,
        16.923581535242377,
        16.944113136774764,
        17.260118651531524,
        18.027864733090354,
        16.9730421597029,
        17.384175437694523,
        17.04670668819577,
        17.044007128374854,
        17.030624549438453,
        16.92853941699897,
        16.909591446186603,
        16.96515296280353,
        16.922710921497636,
        16.95338003548083,
        16.918236247356955,
        16.9181296568567,
        17.31262316734985,
        17.289817259777323,
        17.255019363052504,
        17.422954666127847,
        17.00650915467453,
        16.91908520199505,
        16.929277210320464,
        17.006708249452185,
        17.3246010473778,
        17.52853507753525,
        17.034965867156345,
        17.45536209690267,
        20.29498618543374,
        17.866737945560423,
        17.960288367793417,
        17.34168670466209
    ],
    "left_vrot_avg": 130.25974514623294,
    "right_vrot_avg": -130.25974514623294,
    "inclination": 57.0,
    "left_vrot_corrected_avg": 155.31693864653366,
    "di": 3.0,
    "vrot_corrected_errs": [
        25.944170529781466,
        33.54964180846519,
        28.89531374827842,
        28.72993605355462,
        29.24506773366082,
        29.420186831846287,
        29.731060547294152,
        28.482753675038776,
        28.85458731703116,
        29.316064307416603,
        30.025927388480632,
        29.33195832358074,
        28.789575545298394,
        29.554043331422108,
        31.722600353378812,
        30.667400306435024,
        30.423356943997135,
        29.42355941367,
        28.3436513797502,
        25.025430231495342,
        24.100058146342366,
        23.33007522108818,
        23.676507814895597,
        25.30125010847328,
        20.808056143347258,
        20.774949253689297,
        22.38539294317563,
        22.926168917668676,
        23.57948182186442,
        24.499306243897585,
        25.008970724474025,
        24.946612983443867,
        24.64790284129376,
        24.813412589246788,
        25.607521450838753,
        26.318500441211484,
        27.883457519275673,
        27.542628483179502,
        27.69622288970766,
        28.424445409294997,
        28.64589025029961,
        29.536919092859296,
        29.675375968982557,
        29.08367100606038,
        29.56978700134796,
        29.4665962181202,
        28.34295382101435,
        30.47964604371281,
        29.80410719358732,
        27.782500130446067,
        26.99154453467626,
        25.576335827055658
    ],
    "left_vrot_corrected_avg_err": 26.760733768213402,
    "right_vrot_avg_err": 10.8,
    "vsys_published": 1241.0,
    "left_vrot_avg_err": 13.0,
    "name": "NGC5364",
    "RAdeg":209.05,
    "DEdeg":5.01447,
    "majDiam":33.38,
    "PA":48.0,
    "agn": {
        "SDSSJ135726.27+043541.4":{"RAdeg":209.359166667,"DEdeg":4.59472222222}
    },
    "vsys_err": 16.89437589894695,
    "vsys": 1238.0170451755853,
    "right_vrot_corrected_avg_err": 26.75452910739459,
    "observed_vals": [
        1138.8339796214602,
        1085.9102275507287,
        1110.089349917708,
        1110.9946400712736,
        1106.5094385216942,
        1105.0416424163561,
        1102.4217003702577,
        1113.2028664975558,
        1110.3637508639704,
        1110.213143252889,
        1106.853958571036,
        1109.816410737781,
        1111.330206801992,
        1104.1028686779755,
        1086.0922174574591,
        1094.7410319664925,
        1096.5851415386742,
        1105.0031796900723,
        1114.7967856280854,
        1146.3717146873066,
        1156.248549945118,
        1165.6181066099323,
        1165.3744941167906,
        1155.203341346709,
        1207.9998283872953,
        1229.377886725187,
        1296.2197097641028,
        1303.8670316236928,
        1312.3893119857487,
        1324.1803759188208,
        1329.8371831733464,
        1328.614644048294,
        1325.858757734507,
        1327.3173264399425,
        1335.9029652358915,
        1342.9150125891713,
        1354.3390818157068,
        1351.3595909352568,
        1353.0782626851128,
        1358.408410847507,
        1363.5789523998947,
        1371.9000114920118,
        1373.004010504631,
        1367.3951217772692,
        1369.315060477233,
        1366.9178093938212,
        1360.686984777846,
        1376.198929196391,
        1345.9836712150336,
        1348.6836906472815,
        1339.9738473944317,
        1331.4295034969668
    ],