{
    "xVals": [
    20.01,
    18.83,
    17.65,
    16.48,
    15.3,
    14.12,
    12.95,
    11.77,
    10.59,
    9.41,
    8.24,
    7.06,
    5.88,
    4.81,
    3.53,
    2.35,
    1.18,
    -1.18,
    -2.35,
    -3.53,
    -4.81,
    -5.88,
    -7.06,
    -8.24,
    -9.41,
    -10.59,
    -11.77,
    -12.95,
    -14.12,
    -15.3,
    -16.48,
    -17.65,
    -18.83,
    -20.01
    ],
    "centerTrace": 513.0,
    "right_vrot_incCorrected_avg": -138.11,
    "vrot_vals": [
    ],
    "vrot_incCorrected_vals": [
    -139.85,
    -138.75,
    -140.21,
    -138.31,
    -133.43,
    -126.91,
    -122.53,
    -119.60,
    -115.74,
    -112.69,
    -111.39,
    -110.48,
    -107.86,
    -100.03,
    -85.80,
    -66.93,
    -39.36,
    39.36,
    66.93,
    85.80,
    100.03,
    107.86,
    110.48,
    111.39,
    112.69,
    115.74,
    119.60,
    122.53,
    126.91,
    133.43,
    138.31,
    140.21,
    138.75,
    139.85
    ],
    "left_vrot_incCorrected_avg": 138.11,
    "vrot_errs": [
    ],
    "agn": {
        "KAZ49":{"RAdeg":239.26375,"DEdeg":63.84111111},
        "MRK876":{"RAdeg":243.4883333,"DEdeg":65.71972222},
        "HS1626+6433":{"RAdeg":246.69,"DEdeg":64.44861111}
    },
    "left_vrot_avg": -99,
    "vrot_incCorrected_errs": [
        9.63,
        3.89,
        2.05,
        2.28,
        3.33,
        5.30,
        6.11,
        7.11,
        6.34,
        4.04,
        2.68,
        2.4,
        0.29,
        4.54,
        4.87,
        1.05,
        4.5,
        4.5,
        1.05,
        4.87,
        4.54,
        0.29,
        2.4,
        2.68,
        4.04,
        6.34,
        7.11,
        6.11,
        5.30,
        3.33,
        2.28,
        2.05,
        3.89,
        9.63
    ],
    "inclination": 45.0,
    "di": 4.0,
    "vsys_measured": 910,
    "right_vrot_avg_err": -99,
    "vsys_published": 910.0,
    "vsys_measured_err": 4.0,
    "left_vrot_incCorrected_avg_err": 4.236,
    "right_vrot_avg":-99,
    "dist": 8.13,
    "name": "NGC6140",
    "RAdeg":245.24233,
    "DEdeg":65.39056,
    "majDiam":6.716,
    "PA":94.0,
    "Lstar": 0.2,
    "e_Lstar": 0.56,
    "vrot_observed": [
    ],
    "left_vrot_avg_err": -99,
    "dvsys_published": 4.0,
    "right_vrot_incCorrected_avg_err": 4.236
}