{
    "xVals": [
    23.0499,
    21.0775,
    15.2856,
    10.5756,
    8.5002,
    4.8793,
    3.2308,
    1.5749,
    -1.3026,
    -2.5317,
    -3.746,
    -4.5187,
    -6.9253,
    -9.008,
    -11.5249,
    -14.5791,
    -18.406,
    -20.7022
    ],
    "centerTrace": 513.0,
    "right_vrot_incCorrected_avg": -180.4,
    "vrot_vals": [
    ],
    "vrot_incCorrected_vals": [
    -173.9923345,
    -174.1690188,
    -173.176947,
    -163.0044032,
    -157.1372682,
    -119.6213166,
    -95.55062875,
    -60.88396422,
    47.84080939,
    120.3869483,
    141.470251,
    158.0511521,
    179.0258042,
    178.8379503,
    186.1805001,
    182.8773174,
    177.9920999,
    177.7859683
    ],
    "left_vrot_incCorrected_avg": 180.4,
    "vrot_errs": [
    ],
    "agn": {
        "MRK335":{"RAdeg": 1.58125,"DEdeg": 20.20305556}
    },
    "left_vrot_avg": -99,
    "vrot_incCorrected_errs": [
    ],
    "inclination": 80.0,
    "di": 2.0,
    "vsys_measured": 2309.0,
    "right_vrot_avg_err": -99,
    "vsys_published": 2309.0,
    "vsys_measured_err": 10.0,
    "left_vrot_incCorrected_avg_err": 10.0,
    "right_vrot_avg":-99,
    "dist": 25.3,
    "name": "NGC7817",
    "RAdeg": 0.99546,
    "DEdeg": 20.75233,
    "majDiam": 20.29,
    "PA": 45.0,
    "Lstar": 0.79,
    "e_Lstar": 0.5,
    "vrot_observed": [
    ],
    "left_vrot_avg_err": -99,
    "dvsys_published": 4.0,
    "right_vrot_incCorrected_avg_err": 10.0
}