{
    "xVals": [
    14.7559,
    13.841,
    11.8553,
    10.0956,
    8.2659,
    6.5169,
    5.3007,
    4.0038,
    2.9436,
    1.7974,
    -0.8556,
    -2.1526,
    -3.5195,
    -5.6505,
    -7.7869,
    -9.2345,
    -11.4463,
    -12.9693,
    -14.0402,
    -15.1057,
    -16.2519
    ],
    "centerTrace": 513.0,
    "right_vrot_incCorrected_avg": 82.4,
    "vrot_vals": [
    ],
    "vrot_incCorrected_vals": [
    76.895,
    76.821,
    79.739,
    76.521,
    72.527,
    64.694,
    52.289,
    39.108,
    29.022,
    18.93,
    -17.437,
    -29.08,
    -41.497,
    -57.053,
    -68.763,
    -72.726,
    -76.75,
    -80.719,
    -81.574,
    -83.198,
    -82.521
    ],
    "left_vrot_incCorrected_avg": -82.4,
    "vrot_errs": [
    ],
    "agn": {
        "PG1259+593":{"RAdeg": 195.30375,"DEdeg": 59.03527778},
        "SBS1304+594":{"RAdeg": 196.5291667,"DEdeg": 59.21722222}
    },
    "left_vrot_avg": -82.4,
    "vrot_incCorrected_errs": [
    ],
    "inclination": 80.0,
    "di": 2.0,
    "vsys_measured": 2309.0,
    "right_vrot_avg_err": 10.0,
    "vsys_published": 2309.0,
    "vsys_measured_err": 10.0,
    "left_vrot_incCorrected_avg_err": 10.0,
    "right_vrot_avg": 82.4,
    "dist": 18.5,
    "name": "UGC08146",
    "RAdeg": 195.53375,
    "DEdeg": 58.70131,
    "majDiam": 19.52,
    "PA": 30.0,
    "Lstar": 0.31,
    "e_Lstar": 0.22,
    "vrot_observed": [
    ],
    "left_vrot_avg_err": 10.0,
    "dvsys_published": 4.0,
    "right_vrot_incCorrected_avg_err": 10.0
}