{
    "xVals": [
    12.77,
    9.98,
    7.183,
    4.389,
    3.19,
    1.995,
    0.798,
    -0.798,
    -1.995,
    -3.19,
    -4.389,
    -7.183,
    -9.98,
    -12.77
    ],
    "centerTrace": 513.0,
    "right_vrot_incCorrected_avg": -92.0,
    "vrot_vals": [
    ],
    "vrot_incCorrected_vals": [
    -91.67,
    -91.46,
    -82.48,
    -67.5,
    -60.7,
    -37.7,
    -13.07,
    13.07,
    37.7,
    60.7,
    67.5,
    82.48,
    91.46,
    91.67
    ],
    "left_vrot_incCorrected_avg": 92.0,
    "vrot_errs": [
    2.8,
    3.03,
    4.36,
    4.82,
    0.76,
    1.49,
    1.79,
    1.79,
    1.49,
    0.76,
    4.82,
    4.36,
    3.03,
    2.8
    ],
    "agn": {
        "PG0804+761":{"RAdeg":122.7445833,"DEdeg":76.04527778}
    },
    "left_vrot_avg": -99,
    "vrot_incCorrected_errs": [
    10.61,
    10.67,
    10.97,
    10.94,
    9.76,
    9.59,
    9.51,
    9.51,
    9.59,
    9.76,
    10.94,
    10.97,
    10.67,
    10.61
    ],
    "inclination": 75.0,
    "di": 10.0,
    "vsys_measured": 1544,
    "right_vrot_avg_err": -99,
    "vsys_published": 1544.0,
    "vsys_measured_err": 7.0,
    "left_vrot_incCorrected_avg_err": 12.0,
    "right_vrot_avg":-99,
    "dist": 22.4,
    "name": "UGC04238",
    "RAdeg":122.90321,
    "DEdeg":76.42164,
    "majDiam":13.8,
    "PA":65.0,
    "Lstar": 0.58,
    "e_Lstar": 0.51,
    "vrot_observed": [
    ],
    "left_vrot_avg_err": -99,
    "dvsys_published": 7.0,
    "right_vrot_incCorrected_avg_err": 12.0,
    "v200": 75.0,
    "c": 14.74,
    "r200": 250.0
}