{
    "xVals": [
    14.7559,
    13.841,
    11.8553,
    10.0956,
    8.2659,
    6.5169,
    5.3007,
    4.0038,
    2.9436,
    1.7974,
    -0.8556,
    -2.1526,
    -3.5195,
    -5.6505,
    -7.7869,
    -9.2345,
    -11.4463,
    -12.9693,
    -14.0402,
    -15.1057,
    -16.2519
    ],
    "centerTrace": 513.0,
    "right_vrot_incCorrected_avg": 82.0,
    "vrot_vals": [
    ],
    "vrot_incCorrected_vals": [
    78.61288004,
    78.53722684,
    81.52041669,
    78.23052466,
    74.14729632,
    66.13930244,
    53.45716736,
    39.98169598,
    29.67036874,
    19.35290746,
    -17.82655295,
    -29.7296645,
    -42.42406767,
    -58.32759796,
    -70.29920632,
    -74.3507421,
    -78.46464066,
    -82.52231048,
    -83.39641169,
    -85.05669281,
    -84.36456823
    ],
    "left_vrot_incCorrected_avg": -82.0,
    "vrot_errs": [
    ],
    "agn": {
        "PG1259+593":{"RAdeg": 195.30375,"DEdeg": 59.03527778},
        "SBS1304+594":{"RAdeg": 196.5291667,"DEdeg": 59.21722222}
    },
    "left_vrot_avg": -82.4,
    "vrot_incCorrected_errs": [
    3.19,
    3.19,
    3.2,
    3.19,
    3.18,
    3.16,
    3.13,
    3.1,
    3.09,
    3.07,
    3.07,
    3.09,
    3.1,
    3.14,
    3.17,
    3.18,
    3.19,
    3.21,
    3.21,
    3.22,
    3.21
    ],
    "inclination": 78.0,
    "di": 3.0,
    "vsys_measured": 670.0,
    "right_vrot_avg_err": 1.0,
    "vsys_published": 670.0,
    "vsys_measured_err": 1.0,
    "left_vrot_incCorrected_avg_err": 3.0,
    "right_vrot_avg": 82.4,
    "dist": 18.5,
    "name": "UGC08146",
    "RAdeg": 195.53375,
    "DEdeg": 58.70131,
    "majDiam": 20.5,
    "PA": 30.0,
    "Lstar": 0.31,
    "e_Lstar": 0.22,
    "vrot_observed": [
    ],
    "left_vrot_avg_err": 3.0,
    "dvsys_published": 1.0,
    "right_vrot_incCorrected_avg_err": 3.0,
    "v200": 75.0,
    "c": 10.62,
    "r200": 159.77
}