{
    "xVals": [
    10.4991,
    9.448,
    8.8635,
    8.4029,
    7.8714,
    7.3577,
    6.8912,
    5.8873,
    4.9189,
    3.9328,
    2.9525,
    1.9605,
    0.9861,
    -0.9861,
    -1.9605,
    -2.9525,
    -3.9328,
    -4.9189,
    -5.8873,
    -6.8912,
    -7.3577,
    -7.8714,
    -8.4029,
    -8.8635,
    -9.448,
    -10.4991
    ],
    "centerTrace": 513.0,
    "right_vrot_incCorrected_avg": 88.2,
    "vrot_vals": [
    ],
    "vrot_incCorrected_vals": [
    88.229,
    89.016,
    87.499,
    86.597,
    85.415,
    84.612,
    84.051,
    82.588,
    77.254,
    69.712,
    60.423,
    46.124,
    25.21,
    -25.21,
    -46.124,
    -60.423,
    -69.712,
    -77.254,
    -82.588,
    -84.051,
    -84.612,
    -85.415,
    -86.597,
    -87.499,
    -89.016,
    -88.229
    ],
    "left_vrot_incCorrected_avg": -88.2,
    "vrot_errs": [
    ],
    "agn": {
        "SBS1116+523":{"RAdeg":169.9495833,"DEdeg":52.09805556}
    },
    "left_vrot_avg": -99,
    "vrot_incCorrected_errs": [
    ],
    "inclination": 75.0,
    "di": 4.0,
    "vsys_measured": 791.0,
    "right_vrot_avg_err": -99,
    "vsys_published": 791.0,
    "vsys_measured_err": 1.0,
    "left_vrot_incCorrected_avg_err": 1.0,
    "right_vrot_avg":-99,
    "dist": 20.3,
    "name": "UGC06399",
    "RAdeg":170.84676,
    "DEdeg":50.89271,
    "majDiam":18.67,
    "PA":142.0,
    "Lstar": 0.21,
    "e_Lstar": 0.12,
    "vrot_observed": [
    ],
    "left_vrot_avg_err": -99,
    "dvsys_published": 1.0,
    "right_vrot_incCorrected_avg_err": 1.0
}