{
    "xVals": [
        9.63463712104542,
        9.024849905912673,
        8.415062701676577,
        7.805275507600869,
        7.195488322949292,
        6.58570114698558,
        5.975913978973479,
        4.7563396638590625,
        4.146552515284226,
        3.5367653717159584,
        2.9269782324179974,
        2.317191096654086,
        1.7074039636879612,
        1.097616832783365,
        0.48782970320403646,
        -0.12195742578628394,
        -0.7317445549238564,
        -1.341531684944941,
        -1.951318816585797,
        -2.561105950582686,
        -3.1708930876718653,
        -3.7806802285895977,
        -4.390467374072143,
        -5.000254524855758,
        -5.610041681676708,
        -6.219828845271249,
        -6.82961601637564,
        -7.439403195726149,
        -8.049190384059026,
        -9.268764790616943
    ],
    "centerTrace": 513.0,
    "right_vrot_incCorrected_avg": -46.099207914145154,
    "vrot_vals": [
        -68.55407756757995,
        -62.927510603816245,
        -64.94643829162305,
        -55.14972610026325,
        -38.669087414024034,
        -34.65032636077922,
        -40.95442201354899,
        -44.0859365911806,
        -28.6168401978598,
        -34.2797685988744,
        -27.98069776780858,
        -25.026011234630005,
        -29.611709218756914,
        -28.771147904948975,
        -25.02993973161574,
        -17.997975812261757,
        10.474765356179887,
        5.30947702647336,
        33.80533237480722,
        6.451710364398878,
        19.942534445567162,
        8.103734706139676,
        39.279007717648255,
        49.33787856242543,
        38.775520581063574,
        50.71321794806272,
        43.03474219380087,
        49.27735230079952,
        60.716724393424556,
        66.61426628865547
    ],
    "vrot_incCorrected_vals": [
        -68.55407756757995,
        -62.927510603816245,
        -64.94643829162305,
        -55.14972610026325,
        -38.669087414024034,
        -34.65032636077922,
        -40.95442201354899,
        -44.0859365911806,
        -28.6168401978598,
        -34.2797685988744,
        -27.98069776780858,
        -25.026011234630005,
        -29.611709218756914,
        -28.771147904948975,
        -25.02993973161574,
        -17.997975812261757,
        10.474765356179887,
        5.30947702647336,
        33.80533237480722,
        6.451710364398878,
        19.942534445567162,
        8.103734706139676,
        39.279007717648255,
        49.33787856242543,
        38.775520581063574,
        50.71321794806272,
        43.03474219380087,
        49.27735230079952,
        60.716724393424556,
        66.61426628865547
    ],
    "left_vrot_incCorrected_avg": 46.099207914145154,
    "vrot_errs": [
        15.509668183392305,
        15.559455391203374,
        16.339332490984546,
        15.596005866693742,
        15.468873625848873,
        15.607445796116263,
        15.613304887087002,
        15.76145172209099,
        15.5431486422126,
        15.468534053079908,
        15.641466428715061,
        15.475499504063468,
        15.482206252303675,
        15.47659423781181,
        15.461002997101252,
        15.504411811441965,
        15.47076423812108,
        15.5305899162556,
        16.223377809142367,
        15.524547699674528,
        15.490043529072768,
        15.488436596035548,
        15.544629893024949,
        15.475171113860858,
        15.548821602980912,
        15.743688757956026,
        15.459552724448706,
        15.461173053975791,
        15.58490103431891,
        16.009279329338078
    ],
    "agn": {
        "SDSSJ151237.15+012846.0":"RAdeg":228.155,"DEdeg":1.479444444}
    },
    "left_vrot_avg": 46.099207914145154,
    "vrot_incCorrected_errs": [
        15.509668183392305,
        15.559455391203374,
        16.339332490984546,
        15.596005866693742,
        15.468873625848873,
        15.607445796116263,
        15.613304887087002,
        15.76145172209099,
        15.5431486422126,
        15.468534053079908,
        15.641466428715061,
        15.475499504063468,
        15.482206252303675,
        15.47659423781181,
        15.461002997101252,
        15.504411811441965,
        15.47076423812108,
        15.5305899162556,
        16.223377809142367,
        15.524547699674528,
        15.490043529072768,
        15.488436596035548,
        15.544629893024949,
        15.475171113860858,
        15.548821602980912,
        15.743688757956026,
        15.459552724448706,
        15.461173053975791,
        15.58490103431891,
        16.009279329338078
    ],
    "inclination": 90.0,
    "di": 6.0,
    "vsys_measured": 2093.728239841303,
    "right_vrot_avg_err": 12.4,
    "vsys_published": 2023.0,
    "vsys_measured_err": 15.455207985966943,
    "left_vrot_incCorrected_avg_err": 15.978020956424666,
    "right_vrot_avg": -46.099207914145154,
    "dist": 26.4,
    "name": "UGC09760",
    "RAdeg":228.01018,
    "DEdeg":1.69874,
    "majDiam":20.94,
    "PA":57.0,
    "vrot_observed": [
        2025.1741622737231,
        2030.8007292374868,
        2028.78180154968,
        2038.5785137410398,
        2055.059152427279,
        2059.077913480524,
        2052.773817827754,
        2049.6423032501225,
        2065.1113996434433,
        2059.4484712424287,
        2065.7475420734945,
        2068.702228606673,
        2064.116530622546,
        2064.957091936354,
        2068.6983001096874,
        2075.7302640290413,
        2104.203005197483,
        2099.0377168677765,
        2127.5335722161103,
        2100.179950205702,
        2113.6707742868703,
        2101.8319745474428,
        2133.0072475589513,
        2143.0661184037285,
        2132.5037604223667,
        2144.441457789366,
        2136.762982035104,
        2143.0055921421026,
        2154.4449642347276,
        2160.3425061299586
    ],
    "left_vrot_avg_err": 9.2,
    "dvsys_published": 2.0,
    "right_vrot_incCorrected_avg_err": 19.557812601394637
}