{
    "xVals": [
    12.5507,
    11.9258,
    11.4333,
    10.9409,
    10.4065,
    9.9559,
    9.4635,
    8.9893,
    8.4785,
    8.0142,
    7.4936,
    6.9905,
    6.5087,
    6.0025,
    5.523,
    5.0305,
    4.538,
    4.0456,
    3.5561,
    3.0591,
    2.5834,
    2.2652,
    1.9607,
    1.6913,
    1.399,
    1.2422,
    1.0839,
    0.9492,
    0.8137,
    0.679,
    0.5435,
    0.3783,
    0.1857,
    -0.1857,
    -0.3783,
    -0.5435,
    -0.679,
    -0.8137,
    -0.9492,
    -1.0839,
    -1.2422,
    -1.399,
    -1.6913,
    -1.9607,
    -2.2652,
    -2.5834,
    -3.0591,
    -3.5561,
    -4.0456,
    -4.538,
    -5.0305,
    -5.523,
    -6.0025,
    -6.5087,
    -6.9905,
    -7.4936,
    -8.0142,
    -8.4785,
    -8.9893,
    -9.4635,
    -9.9559,
    -10.4065,
    -10.9409,
    -11.4333,
    -11.9258,
    -12.5507
    ],
    "centerTrace": 513.0,
    "right_vrot_incCorrected_avg": 79.0,
    "vrot_vals": [
    ],
    "vrot_incCorrected_vals": [
    80.45,
    80.04,
    79.65,
    79.46,
    79.21,
    78.75,
    78.16,
    77.54,
    77.05,
    76.36,
    75.46,
    74.57,
    73.82,
    72.68,
    71.87,
    70.54,
    68.77,
    66.84,
    64.57,
    61.28,
    57.96,
    54.05,
    49.49,
    45.28,
    40.96,
    36.5,
    31.39,
    26.91,
    22.42,
    17.93,
    13.45,
    7.89,
    1.6,
    -1.6,
    -7.89,
    -13.45,
    -17.93,
    -22.42,
    -26.91,
    -31.39,
    -36.5,
    -40.96,
    -45.28,
    -49.49,
    -54.05,
    -57.96,
    -61.28,
    -64.57,
    -66.84,
    -68.77,
    -70.54,
    -71.87,
    -72.68,
    -73.82,
    -74.57,
    -75.46,
    -76.36,
    -77.05,
    -77.54,
    -78.16,
    -78.75,
    -79.21,
    -79.46,
    -79.65,
    -80.04,
    -80.45
    ],
    "left_vrot_incCorrected_avg": -79.0,
    "vrot_errs": [
    ],
    "agn": {
        "RX_J1117.6+5301":{"RAdeg":169.41875,"DEdeg":53.03083333},
        "SDSSJ112448.30+531818.0":{"RAdeg":171.20125,"DEdeg":53.30527778}
    },
    "left_vrot_avg": -99,
    "vrot_incCorrected_errs": [
    5.64,
    5.63,
    5.61,
    5.61,
    5.6,
    5.58,
    5.56,
    5.53,
    5.51,
    5.49,
    5.46,
    5.42,
    5.39,
    5.35,
    5.32,
    5.28,
    5.21,
    5.14,
    5.07,
    4.96,
    4.85,
    4.72,
    4.59,
    4.47,
    4.36,
    4.25,
    4.14,
    4.05,
    3.98,
    3.92,
    3.87,
    3.83,
    3.81,
    3.81,
    3.83,
    3.87,
    3.92,
    3.98,
    4.05,
    4.14,
    4.25,
    4.36,
    4.47,
    4.59,
    4.72,
    4.85,
    4.96,
    5.07,
    5.14,
    5.21,
    5.28,
    5.32,
    5.35,
    5.39,
    5.42,
    5.46,
    5.49,
    5.51,
    5.53,
    5.56,
    5.58,
    5.6,
    5.61,
    5.61,
    5.63,
    5.64
    ],
    "inclination": 52.0,
    "di": 3.0,
    "vsys_measured": 645,
    "right_vrot_avg_err": -99,
    "vsys_published": 645.0,
    "vsys_measured_err": 1.0,
    "left_vrot_incCorrected_avg_err": 6.0,
    "right_vrot_avg":-99,
    "dist": 15.7,
    "name": "UGC06446",
    "RAdeg":171.66858,
    "DEdeg":53.74668,
    "majDiam":17.61,
    "PA":10.0,
    "Lstar": 0.15,
    "e_Lstar": 0.066,
    "vrot_observed": [
    ],
    "left_vrot_avg_err": -99,
    "dvsys_published": 1.0,
    "right_vrot_incCorrected_avg_err": 6.0,
    "v200": 74.93,
    "c": 10.61,
    "r200": 159.77
}